1,8,6.725999999999958,87.534
1,26,10.391999999999964,83.89099999999993
1,7,1.720999999999966,92.62500000000006
1,2,3.089999999999947,92.13299999999995
1,7,4.106999999999954,90.18500000000009
1,12,19.06399999999997,75.67699999999995
1,13,6.561999999999959,87.75000000000007
1,17,24.43499999999986,70.03100000000005
1,12,3.4809999999999572,90.7869999999999
1,27,9.636999999999947,84.58499999999987
2,41,32.711,61.59499999999992
2,32,18.640999999999963,75.77399999999999
2,28,13.459999999999964,80.80599999999988
2,27,27.303999999999878,67.41
2,41,26.683999999999873,67.64300000000003
2,45,30.745999999999945,63.35600000000001
2,28,30.859000000000005,63.44700000000008
2,30,28.566999999999933,66.26200000000003
2,34,33.20700000000006,60.92299999999993
2,58,34.36000000000005,60.31899999999993
3,38,14.45199999999996,80.85299999999998
3,102,30.92699999999997,63.352000000000096
3,55,37.005999999999936,57.4519999999999
3,61,39.82699999999996,54.67399999999978
3,25,23.184999999999892,72.30200000000006
3,70,36.726999999999975,57.84199999999985
3,45,17.01099999999999,77.26399999999984
3,20,13.284999999999929,81.35999999999989
3,30,27.209999999999898,68.01100000000007
3,54,30.041999999999977,64.30199999999995
4,54,34.14700000000003,60.34299999999996
4,59,26.99999999999992,67.97300000000007
4,59,39.44299999999998,55.46899999999986
4,58,33.28500000000001,61.419999999999966
4,54,32.69600000000001,61.43999999999999
4,34,23.978999999999893,71.11500000000001
4,113,53.07199999999975,41.50999999999991
4,75,34.15099999999998,60.37399999999997
4,103,38.70599999999996,55.993999999999794
4,41,30.56199999999993,64.00900000000004
5,87,38.50999999999996,55.614999999999796
5,95,39.43599999999992,54.86199999999976
5,73,40.28299999999987,53.875999999999756
5,85,41.45799999999989,53.25599999999976
5,105,48.14699999999981,46.56899999999974
5,90,53.34499999999974,42.30099999999994
5,85,48.74899999999968,46.13899999999975
5,88,44.2909999999999,51.18699999999974
5,55,28.260999999999942,66.94700000000023
5,62,26.88899999999988,68.43400000000008
6,113,44.71299999999983,49.560999999999794
6,105,50.31499999999976,45.2929999999998
6,101,46.33899999999986,48.61199999999986
6,115,49.0149999999998,45.63299999999988
6,149,51.39899999999978,43.402999999999885
6,81,36.595999999999975,59.525999999999954
6,89,37.43399999999993,57.31399999999988
6,114,47.18499999999977,47.37999999999978
6,106,48.61699999999974,45.688999999999886
6,124,49.389999999999766,46.10299999999979
7,69,30.321999999999985,65.79000000000005
7,89,44.89399999999977,49.62399999999983
7,112,46.81099999999985,47.71099999999978
7,99,38.44099999999993,56.293999999999755
7,149,47.127999999999815,47.48599999999977
7,164,55.17299999999984,39.57900000000001
7,111,47.55399999999981,47.2969999999997
7,157,60.47599999999988,34.17400000000003
7,66,26.62999999999989,67.69400000000003
7,119,46.97999999999982,47.63399999999982
8,114,48.19299999999975,46.31599999999982
8,162,53.814999999999706,41.16299999999991
8,137,57.392999999999844,37.60299999999998
8,145,48.94399999999978,45.92299999999976
8,113,59.12999999999993,36.079999999999956
8,137,58.61199999999985,37.50099999999998
8,162,58.11199999999989,37.27599999999993
8,124,42.344999999999914,53.00199999999977
8,133,45.170999999999786,49.57399999999985
8,143,49.00299999999976,45.73799999999981
9,126,50.46399999999979,44.36399999999988
9,125,39.25699999999993,56.30599999999984
9,195,59.2689999999999,35.79999999999996
9,97,43.11699999999986,51.30099999999971
9,106,49.57299999999977,46.21799999999987
9,217,55.13899999999984,39.74699999999987
9,129,57.464999999999854,37.393999999999906
9,140,64.16300000000008,31.738999999999994
9,111,46.72499999999971,47.544999999999845
9,132,54.049999999999784,40.89399999999994
10,162,58.16099999999985,36.55599999999998
10,146,63.205000000000105,31.87100000000001
10,158,56.55199999999983,38.443999999999924
10,109,41.66499999999983,53.04599999999981
10,202,54.03299999999983,41.08399999999991
10,149,64.43900000000002,31.415000000000042
10,148,62.88699999999999,31.814000000000018
10,166,60.04599999999999,34.77400000000003
10,174,59.103999999999985,35.83699999999994
10,159,54.61799999999985,40.301999999999914
11,176,56.11299999999982,39.50199999999992
11,168,55.47699999999984,40.002
11,175,56.846999999999916,37.75899999999994
11,166,61.79899999999995,33.56599999999999
11,176,65.05800000000002,30.857999999999958
11,139,58.55599999999986,38.07399999999995
11,147,62.27100000000007,32.74100000000004
11,165,59.64499999999991,36.10900000000003
11,187,65.1800000000001,30.44499999999993
11,244,57.58499999999985,37.221999999999994
12,228,63.19200000000002,31.604000000000028
12,189,55.63499999999986,39.278999999999925
12,230,58.39899999999993,37.085000000000015
12,194,54.21099999999983,41.17699999999988
12,219,63.657000000000046,31.363999999999976
12,171,62.254000000000026,32.74400000000002
12,201,65.9560000000001,29.112999999999907
12,239,64.22900000000007,30.392999999999958
12,218,61.0179999999999,33.56899999999998
12,182,58.90099999999993,35.951000000000036
13,241,67.52900000000007,27.582999999999913
13,241,64.16800000000008,31.988000000000046
13,269,67.55300000000001,27.5259999999999
13,176,63.2320000000001,31.948999999999998
13,211,66.59700000000005,29.019999999999882
13,227,61.933999999999976,34.31300000000003
13,190,66.782,30.784000000000013
13,227,67.93400000000005,27.722999999999924
13,260,65.61500000000014,30.351999999999958
13,198,56.619999999999784,39.6099999999999
14,241,57.544999999999796,37.853000000000016
14,281,65.24800000000012,29.625999999999923
14,216,61.16500000000001,33.836
14,159,60.82299999999991,35.66199999999994
14,274,69.68100000000005,25.38999999999985
14,239,65.8700000000001,29.497999999999937
14,221,64.50400000000006,30.650000000000002
14,206,62.708999999999946,32.913000000000025
14,262,63.008,31.78899999999999
14,232,67.36900000000004,27.721999999999866
15,261,61.87299999999997,32.979000000000035
15,284,66.64000000000013,29.465999999999944
15,263,69.24600000000002,26.74399999999991
15,275,66.23400000000011,28.869999999999933
15,233,69.37200000000009,26.599999999999874
15,198,62.510000000000026,33.35300000000002
15,261,65.70700000000012,29.959
15,233,63.74100000000006,31.105000000000008
15,218,66.96400000000001,29.451999999999984
15,204,65.23700000000004,30.34199999999995
16,273,67.23800000000004,28.313999999999936
16,172,61.908999999999956,34.80899999999997
16,245,66.617,28.749999999999947
16,293,70.73799999999994,24.22799999999987
16,197,65.21900000000014,30.18999999999999
16,273,66.62300000000003,29.090999999999937
16,195,62.95800000000006,32.647000000000034
16,228,60.23799999999989,35.639
16,258,71.14699999999999,24.056999999999878
16,306,66.86600000000006,28.837999999999965
17,251,70.25399999999998,25.928999999999878
17,236,58.49399999999983,37.20199999999997
17,273,72.11000000000007,23.167999999999832
17,217,66.91199999999999,29.520999999999976
17,310,71.15800000000011,24.174999999999866
17,226,59.74599999999989,36.51899999999999
17,305,71.14199999999998,23.637999999999863
17,292,70.99399999999997,24.134999999999877
17,265,66.57899999999997,28.17599999999992
17,269,69.33400000000006,26.960999999999895
18,266,67.57300000000009,27.645999999999944
18,329,73.11000000000008,22.1479999999999
18,339,71.091,25.05299999999985
18,289,69.64799999999995,27.84899999999989
18,250,66.74100000000008,29.631999999999895
18,237,73.36499999999998,22.812999999999874
18,316,72.33899999999997,24.154999999999884
18,238,65.44700000000014,29.3569999999999
18,328,76.61200000000008,18.505999999999958
18,311,72.56599999999995,22.645999999999862
19,295,77.61299999999994,19.09299999999995
19,330,74.46700000000004,22.502999999999894
19,304,67.92500000000004,28.08099999999995
19,286,71.41800000000002,24.351999999999858
19,443,75.04500000000002,20.026999999999937
19,317,73.53199999999995,22.581999999999887
19,421,74.94700000000016,21.07599999999994
19,325,71.02200000000003,24.18099999999988
19,330,71.68900000000002,24.405999999999896
19,287,70.1060000000001,25.30499999999989
20,333,72.03100000000005,23.233999999999877
20,299,70.111,25.524999999999874
20,368,75.10600000000007,20.07799999999993
20,311,70.75099999999998,25.232999999999855
20,310,72.71200000000007,22.073999999999895
20,348,73.85200000000009,21.18199999999993
20,371,70.91800000000003,24.09599999999986
20,366,80.75599999999993,14.556999999999974
20,327,72.674,22.373999999999903
20,396,74.311,22.005999999999887
21,298,65.91900000000003,30.57299999999994
21,363,68.18000000000009,27.136999999999894
21,346,73.02,21.969999999999885
21,325,71.6,24.44699999999984
21,319,73.01200000000003,22.262999999999867
21,397,74.015,21.241999999999944
21,352,72.85600000000001,22.203999999999898
21,401,73.043,21.86499999999992
21,367,74.09599999999998,20.561999999999895
21,318,75.67899999999995,20.324999999999914
22,286,73.73999999999997,21.293999999999915
22,365,76.012,20.214999999999936
22,396,74.94099999999993,20.11799999999991
22,467,75.35299999999991,19.839999999999957
22,315,73.50599999999987,23.015999999999877
22,413,72.82,22.905999999999896
22,365,70.84100000000002,25.559999999999864
22,385,74.55799999999992,21.52599999999991
22,323,70.52200000000002,25.216999999999846
22,371,74.53399999999996,20.692999999999948
23,414,77.56199999999993,17.89299999999995
23,329,78.58399999999983,17.55299999999995
23,407,76.78999999999996,18.299000000000003
23,409,74.96600000000002,20.31099999999992
23,364,74.03799999999998,21.30999999999989
23,459,76.06099999999981,19.137999999999927
23,312,72.342,23.842999999999858
23,391,76.376,18.944999999999947
23,395,78.89499999999998,18.43199999999996
23,448,78.52599999999987,16.427999999999983
24,439,78.91899999999995,16.008999999999997
24,348,72.41700000000006,22.486999999999902
24,380,75.74300000000001,19.857999999999954
24,436,78.50299999999986,18.045999999999992
24,410,81.67999999999995,13.563999999999947
24,395,73.93700000000013,21.17499999999992
24,438,75.38900000000002,21.179999999999897
24,396,76.82099999999997,19.755999999999943
24,366,77.07599999999996,18.019999999999982
24,397,77.18099999999995,20.99699999999991
25,404,75.178,20.968999999999912
25,422,80.71799999999985,15.789999999999973
25,378,75.05799999999999,20.040999999999922
25,402,77.01599999999996,19.225999999999964
25,392,80.53499999999991,16.119999999999976
25,371,69.89900000000002,26.182999999999875
25,434,79.13199999999993,16.349999999999977
25,429,76.77999999999994,19.377999999999936
25,421,76.278,19.08399999999999
25,461,73.38099999999991,22.660999999999888
26,400,75.74999999999991,19.455999999999953
26,339,75.207,21.205999999999932
26,484,75.76500000000003,19.579999999999966
26,418,79.00999999999999,16.53099999999999
26,423,77.42399999999996,18.25199999999999
26,439,78.47199999999988,17.519
26,400,77.07899999999991,19.178999999999952
26,389,82.46599999999977,14.293999999999945
26,401,77.72100000000002,17.28799999999999
26,355,82.3689999999999,14.395999999999962
27,414,79.31299999999993,16.007
27,479,75.83399999999992,19.25599999999995
27,423,75.47000000000001,20.88999999999991
27,413,77.22800000000001,18.63299999999997
27,463,78.26699999999997,18.106999999999978
27,415,76.76300000000002,18.60399999999994
27,543,76.26099999999988,18.93999999999996
27,456,77.86799999999994,18.367999999999956
27,460,76.05099999999999,19.09299999999997
27,486,78.7969999999999,18.22899999999997
28,419,78.63699999999983,16.623999999999977
28,501,77.91999999999999,18.348999999999936
28,415,78.53099999999996,18.741999999999937
28,468,78.38300000000005,17.766999999999992
28,437,79.509,16.701999999999977
28,412,77.76999999999984,18.154999999999987
28,420,78.67599999999995,17.366
28,487,75.96199999999996,19.132999999999956
28,522,79.20999999999988,15.898
28,539,78.0709999999998,17.174999999999983
29,430,77.64999999999989,19.507999999999914
29,494,80.7549999999999,15.37499999999999
29,375,76.04400000000003,21.21199999999988
29,372,75.83699999999993,20.799999999999894
29,451,80.2119999999998,15.19499999999997
29,415,74.8999999999999,20.98999999999991
29,475,78.18699999999993,17.661999999999978
29,447,74.56800000000008,21.034999999999922
29,473,80.99599999999992,14.725999999999958
29,457,77.342,18.02099999999997
30,523,78.54399999999985,17.18799999999998
30,534,82.83099999999992,13.997999999999934
30,440,77.21399999999996,19.295999999999957
30,480,78.27699999999992,17.55299999999996
30,579,81.15899999999992,14.486999999999966
30,574,80.22699999999985,14.863999999999976
30,479,79.02499999999993,16.49099999999999
30,469,82.05999999999975,14.175999999999968
30,433,76.85200000000007,19.791999999999952
30,488,78.8019999999999,17.511000000000003
31,434,78.04299999999989,17.182999999999986
31,482,79.65599999999988,16.81099999999999
31,495,77.32199999999999,18.05099999999998
31,485,80.77499999999989,14.642999999999954
31,421,79.41699999999972,16.74199999999998
31,556,78.6669999999999,16.92800000000001
31,509,76.42099999999994,20.148999999999955
31,538,79.4309999999998,16.91000000000001
31,428,82.93799999999983,14.45899999999996
31,569,82.43799999999989,13.786999999999942
32,470,80.89099999999986,15.80699999999998
32,415,79.23399999999985,18.658999999999953
32,472,76.72000000000001,20.63699999999993
32,390,78.90599999999999,17.987999999999968
32,510,81.31099999999996,14.015999999999943
32,602,81.87799999999987,13.106999999999926
32,493,79.94899999999994,15.313999999999986
32,562,82.23799999999986,14.002999999999943
32,521,77.67499999999998,18.399999999999977
32,439,80.4749999999999,15.482999999999988
33,485,79.17800000000003,19.197999999999958
33,631,82.65699999999994,13.362999999999923
33,622,82.0579999999999,13.638999999999935
33,586,82.35199999999992,12.98199999999993
33,502,80.12899999999973,17.38500000000001
33,504,80.92999999999985,15.582999999999986
33,561,81.75099999999978,13.533999999999951
33,555,76.32500000000006,19.794999999999956
33,574,79.54499999999977,15.955000000000013
33,655,80.89199999999977,14.39799999999996
34,562,83.70599999999992,11.716999999999922
34,570,79.59099999999991,16.616000000000017
34,483,84.78099999999995,12.295999999999903
34,623,81.72799999999984,14.405999999999962
34,521,82.31199999999994,15.227999999999982
34,562,79.78599999999985,16.66899999999999
34,544,80.75799999999975,14.98099999999999
34,499,79.18099999999984,16.639999999999976
34,523,79.3809999999998,16.794999999999963
34,546,77.94299999999986,18.045999999999953
35,577,82.07999999999991,14.086999999999957
35,607,86.52299999999995,11.496999999999927
35,529,82.96599999999992,14.290999999999949
35,557,87.17399999999991,10.308999999999946
35,534,80.00699999999992,17.28599999999999
35,602,80.5889999999999,14.88899999999996
35,570,81.77899999999974,13.51999999999994
35,564,79.72299999999991,18.11099999999998
35,577,81.05799999999985,15.936999999999983
35,545,80.75699999999989,14.525999999999977
36,591,82.46000000000002,13.920999999999943
36,627,86.28499999999978,9.70899999999995
36,598,83.00799999999985,14.37699999999999
36,589,79.08599999999993,16.363000000000014
36,635,80.07599999999988,16.342000000000017
36,606,78.89899999999984,17.670999999999975
36,618,74.63099999999991,20.636999999999937
36,564,80.6859999999998,14.469999999999967
36,568,83.04499999999989,12.221999999999928
36,576,81.56199999999986,13.99799999999996
37,577,82.77999999999993,13.53899999999993
37,638,80.00499999999991,16.455000000000005
37,609,84.68599999999991,12.593999999999916
37,692,82.13499999999993,15.178999999999956
37,518,79.96399999999994,16.458999999999985
37,641,81.08599999999991,14.409999999999966
37,549,84.37199999999986,13.301999999999918
37,632,86.15,9.925999999999943
37,594,85.50699999999979,9.981999999999932
37,550,79.00900000000001,16.035999999999998
38,576,82.17299999999986,16.128999999999994
38,639,81.23499999999991,14.020999999999962
38,639,85.94499999999991,9.524999999999952
38,645,82.0789999999998,14.226999999999936
38,589,78.44899999999983,18.569999999999958
38,666,80.0939999999999,15.102999999999994
38,629,82.37999999999985,13.098999999999931
38,592,82.82599999999991,12.894999999999932
38,585,83.56299999999986,11.95199999999992
38,629,85.08799999999991,10.347999999999931
39,695,82.96899999999987,12.664999999999916
39,671,83.39199999999981,13.385999999999942
39,666,87.86999999999992,10.512999999999916
39,665,81.06499999999983,16.023000000000014
39,662,82.452,13.30199999999994
39,641,83.85999999999979,13.132999999999939
39,703,84.82399999999987,11.593999999999907
39,652,82.62599999999972,14.550999999999974
39,705,82.56799999999986,13.771999999999938
39,641,83.46699999999989,13.15799999999993
40,654,84.6770000000001,11.96999999999991
40,665,83.1209999999999,13.428999999999917
40,619,84.44299999999988,12.792999999999912
40,612,80.62899999999983,14.828999999999988
40,646,85.10199999999992,11.172999999999911
40,602,85.46299999999991,11.408999999999896
40,565,81.3679999999998,15.526000000000002
40,711,80.21599999999978,14.798999999999978
40,611,86.55899999999986,11.24299999999991
40,706,83.47899999999976,13.295999999999927
41,591,81.48499999999983,16.581999999999976
41,654,85.2679999999999,11.589999999999913
41,713,81.6759999999999,14.139999999999956
41,720,84.89799999999993,12.643999999999936
41,666,81.7609999999999,14.523999999999962
41,647,80.30200000000002,15.070999999999978
41,665,83.13299999999984,14.369999999999974
41,745,80.78099999999989,14.947999999999958
41,660,83.96399999999994,13.457999999999934
41,592,84.56500000000003,14.110999999999962
42,700,84.34099999999987,12.957999999999906
42,609,82.57699999999991,13.571999999999916
42,792,84.15199999999982,12.432999999999927
42,707,87.22399999999988,9.097999999999969
42,602,87.39399999999992,11.142999999999898
42,660,88.252,9.973999999999947
42,712,82.17799999999981,15.389000000000001
42,732,85.15799999999984,12.740999999999918
42,713,82.18199999999992,14.580999999999941
42,650,83.28499999999991,14.149999999999945
43,661,83.45699999999988,13.799999999999926
43,705,85.35599999999985,12.26399999999991
43,791,84.76800000000007,10.587999999999921
43,761,86.59099999999991,10.460999999999917
43,722,80.90699999999997,15.38
43,685,85.76799999999986,11.411999999999912
43,741,82.61799999999975,13.508999999999935
43,647,82.29699999999993,13.720999999999936
43,708,85.27999999999986,12.114999999999903
43,792,84.82499999999993,10.819999999999915
44,638,85.63599999999985,12.563999999999897
44,758,87.457,9.751999999999938
44,679,85.39199999999981,12.124999999999938
44,781,82.60599999999987,14.66899999999998
44,785,86.15299999999989,10.35699999999993
44,699,88.22800000000005,9.74799999999994
44,732,86.99600000000017,8.971999999999959
44,742,86.12899999999992,10.626999999999908
44,630,83.50299999999993,14.28999999999996
44,710,81.72099999999979,15.267999999999994
45,715,86.77499999999982,11.5229999999999
45,674,80.73699999999977,16.154000000000014
45,774,82.14899999999973,13.58299999999995
45,641,84.65299999999992,12.05899999999991
45,691,85.11700000000016,12.215999999999902
45,720,86.38500000000005,8.876999999999974
45,810,84.96499999999996,10.901999999999914
45,728,83.28799999999994,12.782999999999923
45,736,79.94500000000001,16.058000000000014
45,785,85.79399999999991,11.705999999999923
46,789,84.1729999999999,11.79699999999992
46,767,85.33499999999997,11.328999999999906
46,671,85.76799999999997,12.520999999999907
46,831,86.06999999999984,11.516999999999921
46,819,88.0739999999998,9.139999999999974
46,756,84.26199999999983,14.150999999999957
46,740,87.22699999999993,9.995999999999935
46,855,83.0409999999998,14.315999999999953
46,769,88.20399999999998,9.288999999999952
46,670,87.67299999999989,9.986999999999936
47,689,86.3519999999999,10.570999999999914
47,782,86.09199999999974,10.25199999999993
47,729,82.72499999999975,12.59399999999992
47,709,85.3329999999999,11.193999999999921
47,760,83.1319999999998,12.814999999999925
47,703,88.32100000000001,9.65399999999996
47,767,85.27699999999989,10.736999999999899
47,766,82.88099999999987,12.795999999999918
47,711,83.58999999999973,13.836999999999966
47,739,86.26199999999989,10.777999999999901
48,803,84.91899999999983,11.308999999999916
48,736,85.69299999999986,11.565999999999912
48,745,88.14699999999989,9.103999999999969
48,819,88.18200000000002,8.887999999999954
48,805,89.93100000000013,6.542999999999949
48,866,85.50399999999999,9.953999999999924
48,820,80.07699999999988,16.37700000000001
48,853,87.97699999999985,9.103999999999978
48,840,83.54599999999984,12.551999999999918
48,763,86.93499999999995,10.549999999999917
49,734,85.59399999999991,12.4439999999999
49,808,83.5929999999999,12.724999999999907
49,830,83.8149999999999,12.884999999999913
49,765,86.0189999999999,12.283999999999912
49,858,86.48899999999986,9.960999999999933
49,728,86.3619999999999,10.923999999999888
49,857,85.64699999999989,10.569999999999908
49,918,87.20399999999998,10.442999999999918
49,827,89.14499999999983,8.099000000000014
49,791,86.80099999999982,11.197999999999908
50,752,85.56199999999978,10.875999999999909
50,816,85.23299999999986,12.074999999999903
50,882,84.3589999999999,11.957999999999918
50,877,85.26999999999992,12.084999999999912
50,831,82.64499999999987,13.645999999999948
50,775,85.01700000000001,11.473999999999915
50,806,82.00299999999993,13.669999999999936
50,872,86.96699999999996,9.783999999999939
50,847,86.5469999999999,8.814999999999996
50,811,84.25199999999987,14.139999999999949
51,869,88.2999999999999,7.957000000000012
51,748,88.06299999999983,8.488999999999987
51,822,83.26899999999972,14.182999999999979
51,877,83.95099999999998,12.301999999999905
51,928,86.21399999999993,10.059999999999944
51,772,90.42200000000025,7.248999999999962
51,764,82.879,13.657999999999928
51,829,85.11199999999998,11.954999999999915
51,985,84.05399999999997,11.671999999999912
51,847,87.72799999999982,8.953999999999986
52,867,86.86199999999994,10.443999999999916
52,864,86.71600000000004,9.702999999999953
52,935,85.30099999999982,10.918999999999901
52,848,85.58899999999981,10.639999999999922
52,783,83.90699999999985,13.077999999999916
52,944,87.25399999999993,7.964000000000001
52,854,85.59200000000004,11.45699999999992
52,814,87.06800000000008,10.66099999999992
52,891,86.86099999999996,11.42199999999993
52,860,84.88699999999989,11.948999999999918
53,923,88.42799999999973,8.033000000000008
53,851,90.53499999999994,7.1519999999999655
53,874,89.20499999999993,7.040999999999952
53,850,88.65199999999986,8.778999999999973
53,793,86.67,10.86699999999991
53,1011,87.776,7.5919999999999845
53,951,87.83899999999991,9.092999999999975
53,912,87.30999999999983,10.78999999999991
53,900,84.92499999999997,12.445999999999922
53,800,85.14599999999999,12.54699999999991
54,875,89.48200000000001,7.18699999999995
54,896,88.88799999999979,8.818999999999985
54,895,85.33499999999998,10.13599999999993
54,768,85.98099999999977,10.538999999999906
54,925,87.74599999999988,9.323999999999955
54,827,87.728,10.42199999999991
54,924,83.89899999999992,11.88499999999991
54,897,86.73699999999991,8.782999999999973
54,875,87.40299999999996,9.480999999999948
54,827,87.14699999999989,9.242999999999968
55,862,89.22299999999998,7.146999999999969
55,786,87.90800000000002,9.625999999999955
55,784,86.71899999999987,10.04899999999993
55,914,89.625,8.869999999999987
55,805,87.1709999999998,10.295999999999932
55,846,90.83899999999987,6.251999999999952
55,843,86.66799999999995,9.859999999999943
55,956,87.24399999999999,9.689999999999936
55,941,89.43099999999997,8.083000000000007
55,927,90.59300000000007,7.096999999999964
56,972,86.00999999999989,9.652999999999944
56,869,87.66799999999998,10.331999999999928
56,951,87.85099999999996,8.139000000000005
56,889,89.97100000000012,7.357999999999982
56,1039,86.88999999999987,10.667999999999925
56,940,88.38499999999982,8.915999999999984
56,913,89.81200000000005,5.4209999999999425
56,931,86.83799999999991,11.319999999999919
56,893,84.12799999999996,13.331999999999923
56,1032,85.54399999999993,9.60499999999994
57,892,89.30099999999995,6.378999999999951
57,891,85.56099999999982,11.532999999999921
57,919,84.79099999999991,11.648999999999914
57,926,89.12399999999998,6.749999999999952
57,1000,85.90599999999982,10.421999999999919
57,959,87.179,10.512999999999902
57,855,88.03399999999978,7.359999999999961
57,943,87.38899999999994,10.011999999999926
57,1008,89.04199999999989,6.265999999999936
57,995,86.84699999999991,9.680999999999951
58,926,89.23099999999978,7.073999999999953
58,976,86.6149999999999,9.669999999999945
58,977,88.13599999999987,9.116999999999972
58,956,86.78099999999985,10.559999999999915
58,1019,91.31899999999985,6.203999999999958
58,872,88.14900000000002,8.301999999999994
58,953,86.79400000000001,10.479999999999906
58,898,91.18900000000001,7.273999999999966
58,1010,91.9689999999999,5.305999999999945
58,974,89.82899999999998,8.011000000000022
59,998,90.235,7.235999999999958
59,988,87.18100000000013,10.548999999999904
59,931,88.4829999999999,7.928999999999994
59,1044,88.38299999999987,7.054999999999947
59,961,91.76599999999979,5.060999999999932
59,989,91.64799999999983,5.592999999999941
59,963,86.61999999999983,9.916999999999923
59,1018,86.35599999999982,10.555999999999907
59,954,90.981,7.06799999999996
59,926,88.12999999999984,10.262999999999906
60,957,87.76299999999998,8.993999999999977
60,1006,91.54699999999995,6.043999999999952
60,954,88.83699999999976,7.945000000000016
60,1006,89.69099999999995,8.00000000000001
60,1025,87.98399999999991,7.290999999999975
60,1019,88.64799999999983,7.03799999999996
60,893,89.60300000000002,8.084000000000009
60,982,89.51699999999992,7.934000000000011
60,1102,90.86299999999999,6.208999999999946
60,997,89.75000000000009,7.95700000000001
61,908,88.05399999999999,9.37899999999996
61,913,89.33299999999983,8.920999999999975
61,956,89.19399999999982,9.393999999999954
61,988,85.59199999999987,11.697999999999919
61,1049,91.70599999999983,6.293999999999949
61,1029,88.51599999999975,7.952000000000014
61,1091,88.45199999999993,8.804999999999975
61,993,89.89200000000007,8.031999999999998
61,1038,90.4290000000002,8.117000000000012
61,968,87.31700000000001,11.059999999999913
62,1040,91.23399999999971,5.3199999999999426
62,1003,89.2959999999999,7.044999999999955
62,999,89.45699999999985,7.825000000000012
62,1055,88.59499999999973,8.219
62,1098,87.32200000000007,8.939999999999973
62,1026,87.56400000000002,8.744999999999987
62,1099,88.5239999999998,8.594999999999974
62,968,90.46000000000019,8.055000000000012
62,933,87.961,10.528999999999925
62,1024,92.9380000000002,5.31899999999994
63,949,88.35699999999996,9.593999999999948
63,1017,87.71399999999994,9.765999999999934
63,1014,88.63099999999974,7.91400000000001
63,941,90.57500000000003,7.166999999999957
63,1082,89.883,8.815999999999976
63,1051,88.35499999999985,8.141000000000004
63,1149,87.28299999999996,9.796999999999944
63,1052,91.49399999999973,6.223999999999951
63,1039,89.28999999999975,7.92700000000002
63,975,90.73099999999997,7.621999999999998
64,1103,93.59299999999989,4.487999999999942
64,995,92.04499999999993,6.388999999999945
64,1100,90.41000000000001,5.408999999999948
64,1016,89.98500000000001,6.232999999999945
64,1046,87.95499999999998,9.360999999999944
64,1092,89.32100000000003,7.172999999999962
64,1057,89.12699999999984,7.963000000000015
64,1059,89.76499999999994,7.933000000000012
64,1055,90.5,8.000000000000012
64,1131,92.66499999999998,5.342999999999946
65,1067,91.46999999999967,6.464999999999958
65,1042,92.33700000000002,6.168999999999958
65,1023,94.00999999999975,4.420999999999942
65,1097,88.71499999999985,9.69599999999995
65,1117,88.27499999999979,8.79299999999998
65,1075,91.05699999999983,6.215999999999951
65,1002,89.87099999999987,8.465999999999982
65,1099,87.96800000000007,8.783999999999976
65,1051,91.16099999999975,7.105999999999956
65,1067,87.65699999999993,9.707999999999938
66,1100,94.54799999999933,2.7369999999999783
66,1185,89.872,6.948999999999974
66,1002,87.87299999999989,8.838999999999988
66,1065,88.35399999999984,8.89299999999997
66,1118,92.23599999999986,6.2739999999999405
66,1042,91.33399999999988,6.510999999999947
66,1092,88.85499999999982,8.473999999999979
66,1082,94.9809999999992,2.7189999999999803
66,1075,87.64099999999988,9.679999999999946
66,1143,91.55899999999986,6.144999999999949
67,1074,91.02400000000007,6.204999999999948
67,1148,92.31599999999985,6.1479999999999455
67,1113,91.93900000000004,6.23699999999995
67,1026,89.86500000000011,8.84299999999999
67,1057,91.12899999999975,7.137999999999959
67,1044,91.49199999999983,7.072999999999956
67,1209,90.99799999999983,7.075999999999957
67,1109,90.51900000000002,6.799999999999955
67,1123,88.61799999999977,7.038999999999946
67,1086,87.89400000000005,9.651999999999925
68,1125,91.16899999999987,7.108999999999951
68,1105,92.55099999999987,6.141999999999949
68,1117,93.40300000000038,5.3249999999999424
68,1095,91.947,6.302999999999958
68,1108,88.83099999999988,7.934000000000013
68,1045,88.00500000000015,9.947999999999942
68,1072,88.06199999999995,9.69099999999994
68,1081,92.32099999999996,5.390999999999944
68,1120,93.03300000000046,4.492999999999939
68,1164,90.38900000000004,7.075999999999957
69,1175,92.49900000000002,6.20599999999995
69,1084,93.03700000000053,4.461999999999941
69,1057,91.6419999999997,7.107999999999965
69,1088,95.09599999999922,3.6430000000000056
69,1150,93.23000000000057,4.475999999999944
69,1075,89.85199999999989,8.14099999999999
69,1137,91.72599999999984,5.781999999999952
69,1146,93.27900000000037,5.411999999999945
69,1078,90.44500000000019,7.07799999999996
69,1094,93.01000000000016,5.297999999999948
70,1075,92.18799999999986,5.322999999999938
70,1185,93.96599999999971,3.591000000000007
70,1104,92.2709999999998,6.1899999999999435
70,1097,89.74899999999994,8.78599999999997
70,1167,87.83999999999992,8.86499999999997
70,1180,92.08199999999977,4.456999999999941
70,1167,88.65899999999975,8.818999999999978
70,1106,92.78400000000012,5.318999999999944
70,1178,94.69099999999933,2.742999999999983
70,1182,92.29799999999994,4.445999999999942
71,1167,92.36699999999993,5.962999999999944
71,1140,92.48600000000005,5.442999999999947
71,1181,92.41,5.335999999999946
71,1148,92.342,6.188999999999944
71,1140,92.32600000000004,6.198999999999949
71,1240,88.90299999999965,7.074999999999954
71,1211,91.20899999999986,5.276999999999941
71,1179,87.78100000000003,7.9070000000000205
71,1206,91.1990000000001,5.270999999999935
71,1074,91.51399999999981,7.062999999999963
72,1181,92.32399999999994,6.161999999999941
72,1225,91.29199999999985,6.218999999999957
72,1196,93.96399999999979,3.587000000000006
72,1180,91.50699999999946,6.203999999999943
72,1191,90.2180000000001,7.049999999999954
72,1154,91.16999999999992,7.092999999999957
72,1161,92.9000000000002,5.358999999999945
72,1149,92.34300000000002,5.335999999999947
72,1200,94.84399999999931,3.5800000000000014
72,1248,90.54600000000046,6.15399999999993
73,1173,93.22000000000044,5.3389999999999445
73,1110,93.21100000000034,5.300999999999945
73,1120,91.62499999999966,7.052999999999956
73,1197,92.45099999999994,5.293999999999944
73,1178,92.17699999999978,4.524999999999937
73,1146,90.76600000000037,7.908000000000027
73,1093,94.29299999999934,4.445999999999943
73,1212,91.4609999999998,6.19899999999994
73,1213,93.85899999999985,3.579000000000002
73,1232,91.99799999999989,6.254999999999951
74,1193,92.38199999999995,6.17699999999994
74,1227,92.18499999999987,5.297999999999938
74,1258,93.8489999999998,3.562000000000002
74,1244,88.80799999999992,8.756999999999978
74,1245,90.39300000000024,7.063999999999959
74,1255,93.75999999999988,4.430999999999945
74,1243,93.97399999999973,4.45999999999994
74,1180,88.19599999999993,8.769999999999982
74,1171,91.68999999999967,7.073999999999957
74,1190,91.47399999999966,7.018999999999952
75,1181,93.21200000000043,5.331999999999953
75,1210,91.67799999999957,5.295999999999944
75,1165,92.37499999999997,6.196999999999948
75,1235,94.00399999999973,4.455999999999944
75,1186,92.42699999999988,5.498999999999951
75,1169,94.81099999999917,3.623000000000005
75,1231,94.32099999999978,3.3099999999999916
75,1169,91.1369999999998,7.058999999999959
75,1171,93.87499999999982,3.6010000000000058
75,1259,90.50500000000032,7.069999999999954
76,1246,95.05499999999914,3.584000000000002
76,1271,94.04199999999973,4.421999999999944
76,1251,92.94300000000024,5.318999999999947
76,1240,94.69599999999934,3.561000000000002
76,1264,92.87100000000036,4.441999999999941
76,1290,94.6499999999995,3.5810000000000044
76,1247,93.40000000000055,5.318999999999951
76,1309,94.63199999999938,1.0000000000000007
76,1298,93.28900000000054,4.449999999999944
76,1276,91.66899999999974,5.330999999999951
77,1261,95.99099999999967,2.7169999999999774
77,1240,92.27499999999984,6.1959999999999535
77,1229,92.52199999999999,6.189999999999945
77,1335,91.61999999999975,6.74099999999995
77,1242,91.67899999999973,5.30299999999995
77,1268,94.21399999999934,2.7539999999999836
77,1250,87.86800000000004,8.130000000000015
77,1215,92.412,5.321999999999939
77,1272,95.40099999999939,2.718999999999981
77,1197,96.5839999999991,1.890999999999996
78,1243,92.38699999999992,6.14099999999995
78,1314,95.68699999999964,2.749999999999982
78,1291,94.2179999999996,3.5860000000000056
78,1366,93.49600000000008,4.471999999999941
78,1315,91.77799999999965,6.172999999999944
78,1261,94.0039999999997,4.4579999999999425
78,1325,93.0950000000005,4.443999999999942
78,1279,92.34000000000002,6.194999999999938
78,1288,92.50800000000015,4.476999999999945
78,1328,94.81699999999938,3.6170000000000044
79,1313,93.20100000000032,5.285999999999943
79,1284,93.94999999999979,3.5980000000000034
79,1296,94.93199999999914,3.585000000000003
79,1273,93.71899999999981,3.5820000000000034
79,1290,94.70799999999934,3.592000000000002
79,1238,94.0959999999996,4.452999999999942
79,1316,94.07299999999962,4.438999999999944
79,1271,93.564,4.488999999999942
79,1354,93.01200000000044,4.458999999999939
79,1336,94.76099999999934,3.5530000000000026
80,1277,96.87399999999904,1.8719999999999954
80,1265,94.18799999999942,3.582000000000002
80,1349,93.06100000000046,4.476999999999939
80,1262,95.14499999999931,3.5960000000000014
80,1309,94.30699999999939,4.441999999999939
80,1323,91.5289999999996,6.193999999999952
80,1273,95.17099999999924,3.576000000000006
80,1263,93.36600000000041,5.342999999999952
80,1366,92.01399999999975,4.455999999999942
80,1298,95.0999999999992,3.602999999999998
81,1353,94.30499999999938,4.444999999999941
81,1329,93.22900000000054,4.4639999999999445
81,1248,94.58099999999939,2.72699999999998
81,1260,92.43200000000006,5.28299999999994
81,1297,92.64600000000009,4.997999999999931
81,1350,94.81599999999948,2.7289999999999757
81,1347,96.66499999999917,1.857999999999994
81,1368,95.1539999999993,3.561000000000002
81,1377,94.78799999999931,2.720999999999984
81,1379,95.9019999999996,1.8509999999999942
82,1273,95.16899999999917,3.573000000000005
82,1329,94.28499999999939,4.447999999999946
82,1375,94.79499999999922,2.7179999999999787
82,1362,93.06100000000038,4.422999999999947
82,1377,94.67799999999941,3.5910000000000015
82,1372,94.99999999999922,2.7329999999999774
82,1332,96.02699999999966,2.715999999999978
82,1339,94.03199999999961,4.454999999999943
82,1350,93.36400000000049,5.33899999999994
82,1333,94.90999999999934,3.5770000000000026
83,1422,95.43799999999946,1.0000000000000007
83,1355,96.81299999999905,1.8619999999999952
83,1384,94.85599999999933,3.5980000000000043
83,1356,96.01699999999977,2.7349999999999817
83,1313,95.16799999999921,3.5780000000000047
83,1393,94.32399999999944,4.43199999999994
83,1271,96.72099999999907,1.0000000000000007
83,1434,94.30499999999944,2.713999999999981
83,1383,93.15100000000031,3.5610000000000013
83,1407,93.90399999999974,3.5640000000000045
84,1403,92.3839999999999,5.334999999999945
84,1372,92.39299999999996,5.342999999999944
84,1410,96.01099999999965,2.7329999999999806
84,1341,95.78899999999945,2.7089999999999765
84,1381,96.87699999999901,1.8629999999999949
84,1408,94.08099999999966,4.4419999999999416
84,1343,95.9919999999996,2.7239999999999807
84,1390,95.72999999999938,2.706999999999975
84,1373,93.32800000000043,3.647000000000002
84,1392,96.01099999999956,2.711999999999978
85,1393,94.15899999999934,3.5950000000000037
85,1460,96.54099999999917,1.0000000000000007
85,1437,94.82599999999924,2.724999999999977
85,1450,95.84099999999958,1.8829999999999958
85,1390,94.02499999999971,4.451999999999944
85,1352,94.29699999999944,4.4469999999999414
85,1431,95.52899999999953,2.7119999999999753
85,1425,93.85499999999983,4.451999999999945
85,1395,96.84699999999904,1.848999999999995
85,1420,93.17900000000027,5.300999999999947
86,1377,95.1539999999993,3.5900000000000056
86,1430,94.29499999999939,4.435999999999941
86,1405,95.16499999999924,3.5620000000000034
86,1405,96.00599999999962,2.7229999999999768
86,1388,96.12699999999954,1.8619999999999952
86,1442,97.72399999999904,1.0000000000000007
86,1400,96.82599999999896,1.8609999999999955
86,1385,95.1669999999992,3.574000000000004
86,1372,96.88899999999914,1.8539999999999945
86,1399,96.55799999999917,1.8639999999999939
87,1461,94.87099999999917,2.696999999999976
87,1398,94.8819999999993,3.595000000000004
87,1447,95.13399999999932,3.5680000000000045
87,1410,96.03099999999968,2.7079999999999784
87,1404,93.52500000000019,4.427999999999945
87,1447,93.01700000000045,4.441999999999946
87,1409,94.96799999999921,2.729999999999983
87,1363,95.15299999999937,3.574000000000006
87,1474,95.54599999999952,2.7219999999999813
87,1380,96.68299999999911,1.8659999999999966
88,1454,95.78999999999945,2.7089999999999783
88,1422,96.8649999999991,1.8529999999999929
88,1474,96.95899999999888,1.0000000000000007
88,1467,95.16399999999925,3.5750000000000037
88,1436,96.02799999999979,2.7229999999999794
88,1424,95.85499999999979,1.8589999999999953
88,1471,96.72999999999897,1.0000000000000007
88,1387,94.29899999999944,4.418999999999944
88,1415,95.14599999999928,3.582000000000006
88,1436,95.99099999999946,2.7199999999999775
89,1459,95.88699999999959,1.849999999999993
89,1498,96.7609999999991,1.0000000000000007
89,1464,95.68599999999968,1.849999999999994
89,1438,96.01799999999969,2.728999999999979
89,1458,95.02399999999916,2.707999999999981
89,1439,94.99699999999916,2.7429999999999803
89,1409,96.87099999999901,1.8579999999999948
89,1453,94.31199999999927,4.432999999999945
89,1496,93.83499999999981,2.7269999999999768
89,1485,96.91199999999887,1.8549999999999953
90,1498,94.7769999999993,2.7019999999999764
90,1484,95.1709999999992,3.575000000000002
90,1457,96.87099999999887,1.860999999999995
90,1473,96.88599999999896,1.8499999999999948
90,1502,96.7509999999991,1.0000000000000007
90,1468,95.04099999999914,2.7019999999999813
90,1451,96.88799999999924,1.8459999999999934
90,1504,97.73399999999904,1.0000000000000007
90,1457,97.56599999999904,1.0000000000000007
90,1434,95.14999999999921,3.5670000000000006
91,1465,97.73399999999903,1.0000000000000007
91,1497,96.82599999999907,1.848999999999994
91,1459,97.74399999999903,1.0000000000000007
91,1511,95.14699999999928,3.555000000000004
91,1509,96.48099999999944,1.0000000000000007
91,1498,96.70399999999904,1.8639999999999948
91,1470,95.15999999999919,3.5740000000000016
91,1522,96.87099999999899,1.8639999999999959
91,1491,96.04799999999963,2.6889999999999756
91,1492,96.00699999999978,2.722999999999982
92,1525,95.87599999999966,1.8379999999999923
92,1509,96.04799999999958,2.7029999999999785
92,1533,97.726999999999,1.0000000000000007
92,1540,95.05399999999918,2.6849999999999756
92,1515,97.47599999999908,1.0000000000000007
92,1507,97.53299999999898,1.0000000000000007
92,1523,96.69899999999912,1.8559999999999945
92,1490,95.99199999999969,2.735999999999983
92,1502,97.72399999999901,1.0000000000000007
92,1508,96.61899999999923,1.8519999999999945
93,1482,97.72499999999908,1.0000000000000007
93,1547,96.86799999999914,1.855999999999994
93,1520,96.87099999999906,1.8509999999999944
93,1482,97.70599999999902,1.0000000000000007
93,1520,97.69899999999899,1.0000000000000007
93,1526,96.9689999999991,1.0000000000000007
93,1513,96.05399999999975,2.700999999999975
93,1524,97.73899999999902,1.0000000000000007
93,1560,97.680999999999,1.0000000000000007
93,1481,96.04399999999961,2.7059999999999746
94,1555,97.74699999999908,1.0000000000000007
94,1530,96.90499999999902,1.835999999999993
94,1556,96.91199999999907,1.8559999999999937
94,1543,97.49299999999913,1.0000000000000007
94,1527,96.91699999999898,1.8329999999999922
94,1545,97.00299999999896,1.0000000000000007
94,1533,96.90299999999895,1.8509999999999938
94,1513,97.70199999999909,1.0000000000000007
94,1537,96.85599999999906,1.8679999999999948
94,1525,97.72599999999898,1.0000000000000007
95,1561,97.73599999999907,1.0000000000000007
95,1571,96.72099999999912,1.0000000000000007
95,1556,96.88999999999902,1.8469999999999942
95,1570,97.49399999999902,1.0000000000000007
95,1570,97.74399999999905,1.0000000000000007
95,1556,97.76199999999905,1.0000000000000007
95,1568,97.73799999999908,1.0000000000000007
95,1546,96.88599999999899,1.8499999999999945
95,1550,97.74399999999908,1.0000000000000007
95,1559,96.88199999999905,1.8489999999999944
96,1573,97.72099999999901,1.0000000000000007
96,1573,97.72099999999901,1.0000000000000007
96,1573,97.72099999999901,1.0000000000000007
96,1573,97.72099999999901,1.0000000000000007
96,1573,97.72099999999901,1.0000000000000007
96,1573,97.72099999999901,1.0000000000000007
96,1573,97.72099999999901,1.0000000000000007
96,1573,97.72099999999901,1.0000000000000007
96,1573,97.72099999999901,1.0000000000000007
96,1573,97.72099999999901,1.0000000000000007
