1,3,2.1099999999999994,20.330000000000005
1,2,1.2500000000000009,25.61
1,1,1.0500000000000007,24.88
1,2,1.280000000000001,22.469999999999988
1,4,1.460000000000001,22.43999999999999
1,3,3.419999999999999,21.72
1,1,1.1000000000000008,21.679999999999996
1,1,1.430000000000001,24.549999999999997
1,3,1.300000000000001,23.189999999999994
1,1,1.1200000000000008,23.020000000000007
1,3,2.3200000000000003,22.100000000000005
1,1,1.370000000000001,22.279999999999994
1,3,3.249999999999998,24.02000000000001
1,1,1.3500000000000008,24.370000000000008
1,4,7.450000000000001,16.27
1,3,3.3199999999999967,23.229999999999997
1,1,1.430000000000001,24.31
1,1,1.2300000000000006,20.26
1,1,1.390000000000001,24.55999999999999
1,2,2.729999999999996,23.499999999999986
1,3,2.3599999999999985,21.91999999999999
1,2,1.1900000000000008,25.029999999999994
1,4,1.380000000000001,21.740000000000013
1,1,1.1200000000000008,23.559999999999995
1,1,1.1300000000000008,23.389999999999993
1,45,6.7799999999999985,10.929999999999998
1,45,6.770000000000001,10.939999999999994
1,4,1.450000000000001,25.539999999999996
1,3,1.6800000000000008,22.549999999999994
1,3,3.3099999999999974,27.810000000000002
1,1,1.280000000000001,22.310000000000002
1,1,1.4100000000000008,19.889999999999993
1,1,2.269999999999999,26.039999999999996
1,1,1.440000000000001,21.939999999999998
1,1,1.430000000000001,22.53999999999999
1,1,1.300000000000001,23.979999999999993
1,3,2.479999999999999,19.99
1,1,1.350000000000001,23.79999999999999
1,45,7.379999999999997,10.899999999999999
1,1,1.1200000000000008,24.409999999999993
1,3,2.1,18.020000000000007
1,1,1.1900000000000008,23.179999999999993
1,2,1.290000000000001,20.149999999999988
1,1,1.410000000000001,23.479999999999997
1,4,7.56,16.919999999999995
1,2,1.1600000000000008,26.51
1,3,2.000000000000001,19.59999999999999
1,1,1.1600000000000008,20.830000000000002
1,1,1.940000000000001,21.95
1,2,1.2400000000000009,20.359999999999992
1,3,2.2099999999999986,17.44
1,1,1.1200000000000008,23.83999999999999
1,1,1.1200000000000008,25.660000000000007
1,1,1.0800000000000007,23.609999999999992
1,3,1.330000000000001,20.669999999999987
1,3,2.2399999999999993,16.499999999999993
1,45,6.949999999999996,10.809999999999997
1,3,2.299999999999999,19.79
1,4,7.280000000000001,17.03
1,45,7.199999999999997,11.299999999999997
1,1,1.1700000000000008,23.999999999999996
1,4,1.5900000000000012,23.470000000000002
1,3,2.4099999999999997,24.46999999999999
1,3,1.9300000000000013,16.899999999999995
1,45,6.989999999999998,11.579999999999998
1,2,1.1800000000000008,22.24999999999999
1,4,6.399999999999999,19.48999999999999
1,1,1.1000000000000008,23.41999999999999
1,3,2.42,23.42
1,1,1.3900000000000008,24.339999999999996
1,1,1.330000000000001,23.020000000000007
1,2,3.2199999999999958,20.130000000000003
1,45,6.579999999999994,11.280000000000001
1,3,2.419999999999999,23.080000000000005
1,1,1.970000000000001,23.78
1,1,1.0800000000000007,24.560000000000002
1,3,2.479999999999999,20.089999999999996
1,3,3.389999999999999,23.460000000000004
1,3,2.4399999999999995,21.250000000000018
1,1,1.1400000000000008,22.070000000000004
1,1,1.1200000000000008,20.619999999999997
1,1,1.470000000000001,21.889999999999986
1,1,1.280000000000001,23.230000000000004
1,45,6.930000000000002,11.210000000000003
1,1,1.3900000000000008,22.44
1,1,1.1000000000000008,19.98999999999999
1,1,1.510000000000001,22.119999999999994
1,4,1.5200000000000011,22.439999999999984
1,3,1.310000000000001,23.139999999999997
1,4,7.149999999999999,18.919999999999998
1,1,1.350000000000001,23.75
1,1,1.910000000000001,24.10999999999999
1,4,1.420000000000001,22.44
1,45,6.909999999999998,10.629999999999999
1,1,1.390000000000001,23.870000000000008
1,1,2.0100000000000007,22.500000000000007
1,1,1.1800000000000008,23.079999999999988
1,4,7.36,19.290000000000006
1,1,1.360000000000001,20.589999999999996
1,1,1.1100000000000008,23.869999999999994
2,6,4.619999999999997,23.580000000000002
2,2,2.830000000000001,21.93
2,3,2.6099999999999994,24.009999999999987
2,6,3.5399999999999974,18.02999999999999
2,4,3.3199999999999976,16.939999999999994
2,3,3.3399999999999994,22.669999999999998
2,4,3.2199999999999998,20.549999999999994
2,6,4.139999999999997,16.11
2,5,2.6000000000000005,21.349999999999998
2,5,7.919999999999998,18.12
2,6,4.959999999999996,23.459999999999994
2,8,8.619999999999994,16.769999999999992
2,3,3.5299999999999994,17.84
2,2,2.8099999999999983,22.290000000000003
2,2,2.970000000000001,23.499999999999986
2,2,2.760000000000001,23.390000000000004
2,3,2.440000000000001,18.58000000000001
2,7,3.699999999999999,20.259999999999994
2,46,8.129999999999999,10.66
2,3,4.149999999999995,19.73999999999999
2,4,2.3500000000000005,19.459999999999997
2,4,4.289999999999997,24.54
2,6,3.7599999999999985,22.36999999999999
2,4,3.6699999999999986,21.580000000000002
2,4,3.7899999999999996,23.55000000000001
2,4,4.409999999999998,22.63000000000001
2,5,9.11,15.839999999999996
2,6,5.089999999999997,24.229999999999997
2,5,5.599999999999999,20.86
2,4,2.6699999999999995,22.990000000000002
2,2,2.789999999999999,21.849999999999984
2,5,2.5699999999999994,24.03
2,3,3.2600000000000002,19.32999999999999
2,2,2.5100000000000002,24.899999999999995
2,5,8.249999999999993,19.200000000000003
2,2,2.899999999999999,27.57000000000001
2,2,2.410000000000001,23.750000000000004
2,5,2.52,24.710000000000004
2,4,3.1999999999999993,18.139999999999997
2,4,2.7199999999999998,23.429999999999996
2,4,3.439999999999998,19.259999999999994
2,4,4.619999999999998,21.809999999999988
2,2,2.980000000000001,22.63
2,5,3.6599999999999975,23.639999999999997
2,46,8.629999999999997,10.630000000000003
2,2,2.949999999999999,23.499999999999996
2,5,8.279999999999998,18.919999999999998
2,3,3.2000000000000006,20.46
2,2,2.4500000000000006,21.729999999999993
2,5,2.9099999999999993,19.979999999999993
2,6,3.289999999999998,21.52
2,4,3.439999999999998,21.81
2,4,4.269999999999998,21.409999999999986
2,4,4.469999999999998,21.889999999999997
2,2,2.680000000000001,25.329999999999995
2,6,8.969999999999999,16.84999999999999
2,4,3.5199999999999974,21.12
2,4,3.5099999999999985,25.740000000000006
2,2,2.6100000000000003,23.079999999999995
2,46,8.209999999999996,11
2,2,2.53,22.209999999999994
2,4,3.7199999999999984,21.869999999999994
2,5,2.5,21.579999999999995
2,6,5.529999999999996,18.96999999999999
2,4,3.4699999999999993,18.980000000000004
2,4,3.2399999999999993,21.76
2,5,8.239999999999995,19.649999999999995
2,5,6.969999999999999,16.52999999999999
2,5,8.039999999999997,21.400000000000002
2,5,9.330000000000002,17.549999999999986
2,5,8.169999999999998,19.619999999999997
2,4,2.4500000000000006,21.77999999999999
2,5,2.5100000000000002,23.079999999999988
2,7,2.8299999999999996,21.39999999999999
2,7,9.129999999999999,14.09
2,4,3.7499999999999982,21.860000000000003
2,5,7.5699999999999985,19.219999999999995
2,2,2.9999999999999982,23.060000000000002
2,3,2.6499999999999995,20.97
2,6,8.809999999999995,19.240000000000002
2,2,2.1900000000000013,21.700000000000003
2,3,3.4199999999999995,20.829999999999995
2,2,3.0200000000000005,21.380000000000003
2,5,2.76,22.509999999999984
2,5,8.559999999999999,16.64
2,4,2.9299999999999993,20.209999999999997
2,48,8.959999999999997,10.970000000000006
2,3,2.67,25.78999999999999
2,2,2.740000000000001,23.22
2,3,3.1599999999999997,21.59000000000001
2,7,3.61,19.540000000000006
2,5,4.469999999999999,24.28000000000001
2,5,8.359999999999996,19.619999999999997
2,4,3.5099999999999985,17.27
2,6,3.9899999999999975,19.07
2,6,5.649999999999999,23.449999999999996
2,4,3.439999999999999,21.879999999999995
2,4,2.56,20.56999999999999
2,48,8.219999999999997,10.47
2,5,4.299999999999996,15.479999999999988
3,3,4.599999999999998,22.630000000000003
3,47,9.299999999999994,11.159999999999998
3,8,10.11,15.409999999999997
3,3,4.559999999999999,21.949999999999992
3,49,9.979999999999997,10.669999999999996
3,49,9.919999999999998,10.18999999999999
3,4,4.919999999999999,20.16
3,8,6.08,14.72
3,6,4.5699999999999985,20.229999999999993
3,9,7.909999999999999,15.359999999999996
3,7,6.139999999999997,16.509999999999998
3,6,9.710000000000003,16.549999999999997
3,8,7.229999999999995,15.419999999999995
3,8,9.900000000000002,15.909999999999993
3,5,4.369999999999999,19.499999999999993
3,49,10.03,10.870000000000003
3,6,4.229999999999997,20.890000000000008
3,5,4.1199999999999966,19.14
3,5,4.669999999999997,23.199999999999996
3,5,5.13,17.13
3,4,4.319999999999996,24.320000000000004
3,50,11.349999999999996,10.870000000000001
3,8,5.729999999999997,20.569999999999997
3,47,9.149999999999999,11.47
3,5,3.649999999999996,22.279999999999998
3,8,5.069999999999995,26.340000000000007
3,8,5.779999999999995,22.37
3,7,5.259999999999998,16.14999999999999
3,6,4.969999999999995,25.759999999999998
3,4,4.820000000000002,19.98000000000001
3,8,5.239999999999995,24.129999999999995
3,8,5.909999999999999,20.450000000000003
3,5,3.889999999999997,24.150000000000002
3,5,5.789999999999996,23.88
3,7,9.700000000000005,18.719999999999995
3,5,4.759999999999999,22.020000000000007
3,7,4.639999999999999,18.779999999999998
3,7,6.859999999999998,23.380000000000006
3,3,4.459999999999999,22.320000000000014
3,7,5.379999999999999,18.88
3,49,9.549999999999999,10.519999999999998
3,6,9.449999999999996,18.79999999999999
3,10,5.879999999999994,18.409999999999997
3,6,10.489999999999995,15.639999999999999
3,8,10.230000000000004,14.569999999999997
3,7,8.799999999999997,17.86
3,4,4.8699999999999966,19.179999999999996
3,5,4.809999999999996,19.7
3,7,6.239999999999994,18.870000000000005
3,4,3.759999999999997,18.280000000000005
3,3,3.6599999999999966,23.070000000000004
3,8,5.979999999999997,21.599999999999994
3,6,4.309999999999997,18.779999999999994
3,6,5.7399999999999975,18.65
3,3,4.219999999999997,22.44
3,3,4.279999999999998,24.680000000000014
3,5,4.619999999999995,19.869999999999997
3,7,4.929999999999996,18.98
3,6,9.669999999999998,16.839999999999996
3,3,4.289999999999997,24.37000000000001
3,7,4.96,16.219999999999995
3,49,11.859999999999998,10.349999999999998
3,5,4.159999999999998,17.369999999999997
3,48,9.469999999999999,10.769999999999996
3,9,9.609999999999994,16.999999999999996
3,47,9.609999999999998,11.2
3,10,6.709999999999995,22.469999999999985
3,47,9.440000000000003,10.819999999999995
3,6,5.029999999999996,22.230000000000004
3,8,5.77,17.85
3,8,11.710000000000003,15.229999999999997
3,47,9.719999999999997,10.779999999999992
3,8,5.089999999999995,21.119999999999997
3,8,10.280000000000003,17.649999999999995
3,6,8.880000000000003,15.809999999999993
3,3,4.069999999999995,24.060000000000002
3,5,4.169999999999997,19.91
3,5,4.499999999999997,19.79
3,6,9.209999999999994,15.689999999999994
3,8,9.909999999999998,16.779999999999998
3,51,10.680000000000003,10.399999999999997
3,5,4.229999999999998,22.83
3,4,5.439999999999999,20.369999999999994
3,5,4.439999999999998,23.72000000000001
3,5,4.939999999999998,15.440000000000001
3,6,4.139999999999998,21.400000000000002
3,6,9.599999999999998,18.420000000000012
3,8,5.089999999999996,20.68000000000001
3,7,4.34,23.08
3,6,9.109999999999994,17.739999999999995
3,7,6.719999999999998,22.79
3,4,4.099999999999997,23.790000000000006
3,7,5.209999999999994,21.669999999999995
3,8,9.749999999999996,19.959999999999994
3,5,4.689999999999998,22.339999999999982
3,10,10.880000000000003,16.600000000000005
3,50,9.43,10.309999999999999
3,4,3.729999999999997,25.520000000000003
3,6,4.4799999999999995,19.960000000000004
3,4,4.759999999999998,20.46
4,9,6.499999999999996,18.859999999999996
4,8,6.629999999999993,20.459999999999994
4,9,6.9199999999999955,19.95
4,8,5.689999999999996,22.57
4,8,11.080000000000004,17.02
4,52,10.579999999999998,10.420000000000002
4,6,7.479999999999996,22
4,52,10.459999999999997,10.589999999999998
4,7,6.889999999999995,21.659999999999997
4,8,6.669999999999997,17.36
4,8,7.929999999999994,17.91
4,53,12.879999999999997,10.869999999999996
4,8,5.389999999999996,24.389999999999997
4,9,12.409999999999998,16.56
4,7,5.849999999999995,21.789999999999985
4,5,5.769999999999995,23.070000000000004
4,8,5.789999999999994,23.029999999999998
4,9,11.170000000000009,16.679999999999993
4,9,8.21,21.14999999999999
4,11,11.860000000000007,14.460000000000003
4,10,11.52,16.5
4,11,12.620000000000005,14.539999999999994
4,8,8.389999999999999,19.769999999999996
4,6,6.239999999999996,20.21
4,4,6.559999999999995,23.119999999999997
4,6,5.519999999999997,21.450000000000003
4,10,11.500000000000004,15.739999999999997
4,9,8.610000000000001,16.97
4,51,10.409999999999997,11.179999999999996
4,5,6.159999999999997,18.16999999999999
4,53,11.76,10.829999999999995
4,6,5.559999999999995,21.189999999999984
4,6,6.179999999999995,21.110000000000003
4,53,11.999999999999998,10.699999999999994
4,10,8.120000000000001,15.659999999999998
4,6,7.339999999999994,19.069999999999997
4,50,10.819999999999999,10.82
4,51,11.759999999999998,10.909999999999998
4,49,10.159999999999991,10.349999999999994
4,6,5.669999999999994,19.26
4,6,6.589999999999994,19.12
4,14,12.489999999999997,16.669999999999995
4,8,6.399999999999995,19.919999999999995
4,49,10.700000000000003,10.899999999999997
4,54,12.780000000000001,11.13
4,7,5.539999999999996,21.770000000000007
4,7,7.699999999999993,20.269999999999996
4,4,5.479999999999995,23.109999999999996
4,8,6.959999999999997,15.22
4,55,12.379999999999995,10.540000000000003
4,8,6.269999999999997,19.529999999999994
4,5,6.759999999999995,20.930000000000007
4,9,10.64,18.320000000000007
4,8,6.479999999999995,21.639999999999993
4,10,7.339999999999996,15.569999999999995
4,9,7.5499999999999945,17.599999999999998
4,6,6.149999999999994,23.990000000000002
4,7,10.319999999999999,17.639999999999997
4,7,6.199999999999995,20.71999999999999
4,8,11.17,17.789999999999996
4,50,11.399999999999999,10.649999999999995
4,7,6.109999999999995,19.82
4,12,13.730000000000002,17.619999999999994
4,54,13.089999999999998,11.179999999999998
4,9,6.949999999999996,16.510000000000005
4,50,11.509999999999996,10.42
4,51,11.139999999999995,11.209999999999996
4,10,6.8299999999999965,19.889999999999993
4,51,10.719999999999999,10.439999999999998
4,51,11.349999999999993,10.509999999999996
4,6,5.609999999999997,15.099999999999998
4,6,5.779999999999997,21.94000000000001
4,50,10.479999999999993,10.199999999999996
4,50,11.030000000000001,10.499999999999993
4,6,5.299999999999995,18.999999999999993
4,4,6.659999999999996,22.090000000000003
4,9,9.060000000000002,14.649999999999997
4,7,6.109999999999997,17.369999999999994
4,52,11.639999999999997,10.889999999999997
4,8,6.939999999999997,16.169999999999998
4,4,5.279999999999997,23.89
4,9,12.46,16.399999999999995
4,54,11.879999999999995,10.39
4,11,11.040000000000003,15.999999999999998
4,5,5.369999999999994,22.609999999999996
4,8,11.510000000000003,15.729999999999995
4,6,6.449999999999995,22.459999999999997
4,49,10.81,10.690000000000001
4,5,4.799999999999998,20.579999999999995
4,10,6.479999999999996,19.81
4,8,5.299999999999994,20.409999999999997
4,7,5.769999999999991,23.99
4,12,8.309999999999999,16.03
4,48,10.16,10.940000000000003
4,48,10.369999999999996,10.859999999999996
4,52,12.209999999999996,10.759999999999991
4,10,11.669999999999998,14.219999999999992
4,11,7.289999999999997,15.459999999999994
4,7,7.019999999999994,19.539999999999996
4,12,12.119999999999997,18.619999999999997
5,12,8.209999999999999,22.71
5,16,13.78,14.229999999999995
5,52,12.189999999999998,10.429999999999993
5,11,6.569999999999996,22.77999999999999
5,9,12.09,18.18
5,7,7.029999999999998,20.80999999999999
5,7,7.920000000000002,20.759999999999984
5,8,8.090000000000003,16.930000000000003
5,11,13.200000000000003,16.199999999999996
5,52,13.56,11.069999999999993
5,12,11.880000000000006,16.979999999999997
5,55,11.670000000000003,10.489999999999998
5,13,13.939999999999998,15.829999999999997
5,5,6.629999999999993,20.970000000000002
5,9,7.409999999999996,23.840000000000003
5,56,14.040000000000008,10.760000000000003
5,12,12.570000000000006,14.149999999999995
5,12,10.239999999999998,17.02
5,7,8.93,19.329999999999995
5,10,7.769999999999997,22.330000000000005
5,8,11.340000000000005,17.81
5,9,8.17,22.079999999999995
5,8,7.139999999999994,15.399999999999993
5,50,12.27999999999999,10.709999999999997
5,11,7.969999999999997,21.41999999999999
5,7,7.01999999999999,23.349999999999998
5,54,11.239999999999998,10.740000000000004
5,10,11.659999999999998,16.199999999999992
5,8,11.700000000000008,16.299999999999994
5,57,13.969999999999999,10.280000000000003
5,11,7.789999999999996,17.95
5,51,11.959999999999996,10.059999999999999
5,9,8.750000000000002,18.390000000000008
5,9,7.560000000000001,22.499999999999993
5,51,12.400000000000002,10.870000000000003
5,8,10.990000000000004,20.07999999999999
5,52,12.740000000000006,10.929999999999993
5,10,6.879999999999992,16.589999999999996
5,54,13.04,10.399999999999993
5,9,8.610000000000001,21.419999999999998
5,12,13.78,16.35999999999999
5,8,7.229999999999993,17.119999999999997
5,9,7.5900000000000025,15
5,54,13.18,10.759999999999994
5,57,14.310000000000002,9.969999999999997
5,9,6.959999999999992,19.81
5,50,11.759999999999996,11.110000000000005
5,9,9.269999999999996,19.480000000000008
5,13,15.649999999999999,16.749999999999996
5,11,12.980000000000006,15.220000000000002
5,55,14.920000000000009,11.330000000000004
5,8,7.049999999999989,20.609999999999992
5,12,12.830000000000002,17.259999999999998
5,9,8.4,16.849999999999998
5,10,11.29,16.770000000000003
5,11,10.189999999999998,21.409999999999993
5,52,11.48,10.630000000000004
5,14,13.27,12.789999999999997
5,13,9.990000000000006,13.929999999999989
5,55,13.510000000000005,10.269999999999998
5,5,7.429999999999996,20.359999999999996
5,55,12.42,10.079999999999998
5,12,13.470000000000004,15.529999999999998
5,10,7.95,19.910000000000007
5,8,8.810000000000004,22.339999999999996
5,10,13.700000000000006,17.749999999999993
5,12,9.119999999999997,15.779999999999992
5,7,7.5600000000000005,19.86
5,11,12.420000000000005,17.699999999999996
5,54,12.819999999999995,10.17
5,5,6.679999999999994,20.170000000000005
5,14,12.340000000000005,15.930000000000007
5,8,8.020000000000001,20.029999999999994
5,54,11.969999999999999,9.879999999999997
5,52,12.439999999999998,10.739999999999998
5,55,12.439999999999998,9.409999999999993
5,14,15.189999999999998,15.619999999999997
5,13,15.249999999999995,14.279999999999998
5,6,6.04999999999999,22.899999999999995
5,53,12.379999999999999,10.610000000000001
5,8,9.459999999999997,19.240000000000002
5,55,11.369999999999996,9.969999999999999
5,16,13.21,13.799999999999999
5,12,13.199999999999992,16.38
5,55,12.019999999999994,10.389999999999999
5,54,13.259999999999998,10.649999999999997
5,10,7.52,20.370000000000005
5,54,15.240000000000004,10.879999999999995
5,12,14.009999999999993,15.609999999999996
5,12,10.419999999999995,20.209999999999994
5,12,9.150000000000004,17.18
5,49,11.539999999999996,10.679999999999998
5,54,10.99,10.240000000000002
5,10,8.249999999999996,20.819999999999993
5,12,9.380000000000003,20.669999999999998
5,54,14.890000000000004,10.399999999999999
5,9,8.079999999999993,15.54
5,8,8.519999999999998,16.930000000000003
5,9,8.84,18.57
5,54,13.610000000000005,10.43
6,12,8.850000000000005,18.57
6,13,14.929999999999994,15.430000000000009
6,9,9.629999999999994,22.430000000000014
6,8,8.510000000000003,20.6
6,11,10.200000000000001,13.299999999999995
6,10,8.689999999999996,20.979999999999997
6,55,13.069999999999997,10.439999999999992
6,55,13.220000000000006,10.509999999999993
6,54,14.459999999999999,10.239999999999995
6,12,10.369999999999994,16.47
6,10,10.789999999999996,19.650000000000006
6,10,10.139999999999993,24.789999999999996
6,13,10.279999999999994,16.65
6,57,16.40000000000001,10.549999999999997
6,10,11.509999999999993,19.6
6,55,13.71,10.280000000000001
6,11,9.380000000000004,15.09
6,56,13.63,10.879999999999995
6,12,13.670000000000002,15.370000000000003
6,12,11.659999999999993,17.830000000000002
6,9,9.599999999999996,22.830000000000005
6,55,13.979999999999999,11.280000000000003
6,14,8.809999999999997,21.859999999999996
6,10,8.22,23.65
6,16,11.079999999999995,22.260000000000012
6,15,14.989999999999997,14.909999999999998
6,12,10.250000000000002,19.19000000000001
6,11,10.869999999999992,21.309999999999995
6,13,14.989999999999997,16.720000000000002
6,10,10.129999999999995,18.78
6,14,11.769999999999998,13.629999999999995
6,11,13.620000000000003,15.219999999999999
6,53,13.710000000000003,11.400000000000002
6,13,13.459999999999999,16.599999999999994
6,18,16.28,17.640000000000004
6,15,13.130000000000003,16.730000000000008
6,10,9.569999999999997,18.549999999999997
6,58,14.190000000000003,10.420000000000002
6,52,12.51,10.899999999999997
6,11,7.969999999999997,19.11
6,15,10.889999999999988,20.160000000000007
6,53,13.819999999999997,11.209999999999997
6,13,12.1,16.080000000000002
6,53,12.569999999999995,10.97
6,54,12.499999999999995,10.03
6,55,13.700000000000005,9.979999999999997
6,52,12.68,10.37
6,13,8.959999999999997,23.029999999999998
6,52,13.069999999999997,10.559999999999995
6,16,14.079999999999995,13.539999999999994
6,14,14.569999999999993,17.23999999999999
6,12,8.4,17.419999999999998
6,13,14.199999999999998,16.869999999999997
6,56,13.879999999999999,11.1
6,54,14.300000000000002,11.079999999999997
6,20,16.259999999999998,16.029999999999994
6,60,14.930000000000001,9.369999999999997
6,11,9.509999999999996,21.08
6,53,12.159999999999998,11.240000000000002
6,13,13.689999999999994,14.460000000000004
6,11,10.879999999999997,18.160000000000007
6,12,13.810000000000002,17.23999999999999
6,15,13.499999999999998,15.909999999999993
6,11,8.799999999999999,21.250000000000004
6,57,16.16,10.34
6,12,11.659999999999991,17.309999999999995
6,9,8.78,17.420000000000005
6,52,15.490000000000007,10.789999999999992
6,13,9.399999999999999,22.26999999999999
6,12,13.549999999999999,13.080000000000004
6,12,9.940000000000005,18.099999999999994
6,58,14.870000000000013,10.86
6,10,8.870000000000001,15.590000000000002
6,15,9.329999999999997,18.929999999999993
6,11,9.270000000000005,18.819999999999997
6,15,12.64999999999999,16.73
6,11,9.019999999999998,17.039999999999996
6,54,12.949999999999992,10.259999999999998
6,12,10.030000000000003,17.849999999999998
6,54,14.96,10.660000000000002
6,11,9.339999999999998,20.69
6,8,9.02,20.94999999999999
6,10,9.140000000000002,16.72999999999999
6,14,15.299999999999997,14.84
6,15,9.920000000000002,18.239999999999995
6,18,13.560000000000002,15.270000000000001
6,10,9.619999999999996,17.09000000000001
6,13,13.509999999999996,15.109999999999994
6,12,11.289999999999994,15.820000000000007
6,58,14.39000000000001,10.26
6,10,8.839999999999996,20.73999999999999
6,12,10.149999999999999,20.45
6,14,12.770000000000005,13.749999999999998
6,12,8.740000000000002,19.97
6,11,9.78,17.2
6,13,15.24,16.349999999999998
6,53,12.470000000000004,10.499999999999998
6,12,8.859999999999996,20.84
6,13,9.979999999999997,14.729999999999997
6,56,15.890000000000015,10.72
7,16,17.16,15.47
7,12,16.06,16.36
7,19,17.110000000000003,15.100000000000001
7,15,11.51999999999999,21.520000000000003
7,54,14.34,10.68
7,13,11.299999999999988,17.209999999999997
7,9,9.27,18.63
7,60,16.010000000000005,10.040000000000001
7,11,10.89999999999999,15.649999999999993
7,58,14.340000000000003,10.089999999999995
7,18,12.759999999999996,13.809999999999999
7,14,14.069999999999999,16.369999999999994
7,62,18.530000000000005,10.749999999999998
7,13,10.370000000000001,18.909999999999997
7,56,14.100000000000003,10.269999999999994
7,58,15.460000000000004,11.029999999999994
7,55,13.430000000000001,10.14
7,15,15.519999999999992,15.559999999999995
7,17,12.249999999999988,16.410000000000007
7,16,11.459999999999994,17.06999999999999
7,15,16.16,14.299999999999995
7,17,15.790000000000001,16.250000000000007
7,57,14.160000000000007,10.28
7,61,16.480000000000004,10.119999999999994
7,57,16.250000000000014,9.729999999999997
7,13,10.619999999999996,17.33
7,10,10.1,20.729999999999997
7,56,14.600000000000001,9.939999999999998
7,56,15.60000000000001,9.739999999999995
7,17,12.839999999999993,16.239999999999995
7,15,16.770000000000007,13.819999999999999
7,11,9.860000000000003,19.030000000000005
7,13,15.629999999999999,16.189999999999998
7,58,15.769999999999998,9.94
7,12,11.409999999999997,17.349999999999998
7,55,14.020000000000003,10.019999999999996
7,59,17.16,10.499999999999996
7,14,14.610000000000001,12.7
7,12,12.19999999999999,15.290000000000001
7,13,14.65,19.389999999999997
7,56,14.360000000000007,10.419999999999998
7,54,15.600000000000009,11.019999999999994
7,17,16.080000000000002,16.44
7,12,10.420000000000002,13.86
7,55,14.79000000000001,10.420000000000002
7,16,15.379999999999994,16.689999999999994
7,15,14.409999999999997,17.99999999999999
7,56,15.020000000000014,10.369999999999996
7,60,15.660000000000007,9.789999999999997
7,14,12.009999999999993,21.00000000000001
7,55,14.030000000000001,10.419999999999996
7,12,10.069999999999991,20.999999999999996
7,56,14.010000000000005,11.099999999999993
7,14,14.839999999999995,17.28
7,15,10.889999999999995,17.65
7,12,10.609999999999998,16.470000000000002
7,16,11.149999999999991,18.289999999999985
7,58,15.969999999999999,9.519999999999996
7,58,15.870000000000005,10.409999999999995
7,58,17.339999999999996,10.009999999999996
7,13,10.529999999999994,18.82
7,12,11.689999999999994,18.509999999999998
7,13,13.889999999999992,16.570000000000004
7,13,10.179999999999998,16.069999999999997
7,55,14.290000000000001,10.339999999999998
7,55,15.53000000000001,11.069999999999999
7,16,12.06999999999999,16.089999999999996
7,13,10.989999999999993,17.100000000000005
7,61,16.539999999999996,9.239999999999998
7,14,12.869999999999989,17.750000000000007
7,55,16.30000000000001,10.790000000000001
7,56,14.430000000000007,11.219999999999994
7,12,11.27999999999999,21.56
7,56,14.629999999999999,9.420000000000003
7,55,14.200000000000003,9.739999999999997
7,59,14.200000000000005,10.200000000000003
7,13,11.15999999999999,18.060000000000002
7,12,10.450000000000003,15.47
7,10,11.049999999999994,21.179999999999993
7,17,14.649999999999999,14.97
7,12,10.30999999999999,20.86999999999999
7,15,15.639999999999995,15.989999999999998
7,15,10.649999999999993,21.459999999999994
7,17,13.689999999999996,17.53
7,60,17.61,10.2
7,16,14.299999999999995,16.04
7,15,11.979999999999992,18.02
7,54,13.399999999999997,9.759999999999996
7,15,13.609999999999998,18.96
7,14,11.919999999999991,23.169999999999998
7,62,15.380000000000011,9.59
7,12,12.309999999999988,17.019999999999996
7,16,17.050000000000008,14.389999999999999
7,12,9.72,19.300000000000004
7,56,15.260000000000002,10.46
7,10,11.579999999999995,22.41999999999999
7,58,15.190000000000008,10.080000000000002
7,18,13.139999999999992,14.840000000000003
7,12,11.299999999999995,18.46999999999999
7,54,16.39,9.989999999999997
8,54,15.860000000000003,9.719999999999995
8,11,11.219999999999994,17.990000000000002
8,20,17.080000000000005,16.09999999999999
8,18,13.839999999999998,13.95
8,64,18.700000000000006,9.65
8,18,13.089999999999987,14.819999999999993
8,63,17.180000000000003,10.609999999999996
8,17,16.04999999999999,13.929999999999998
8,21,16.869999999999997,15.499999999999996
8,15,13.420000000000003,15.729999999999995
8,56,14.830000000000007,9.770000000000001
8,17,14.410000000000004,20.369999999999997
8,14,16,15.659999999999998
8,58,15.570000000000011,10.740000000000004
8,17,12.529999999999994,16.049999999999997
8,57,16.45000000000001,9.770000000000001
8,13,11.280000000000001,20.880000000000003
8,14,15.110000000000001,17.400000000000002
8,14,14.64,15.230000000000011
8,55,16.29,10.46
8,60,17.86,10.609999999999996
8,19,16.040000000000006,16.849999999999998
8,55,15.35000000000001,10.769999999999996
8,20,18.260000000000005,14.809999999999988
8,60,18.020000000000007,9.659999999999998
8,60,18.270000000000007,10.639999999999999
8,20,12.999999999999995,17.009999999999998
8,59,17.94000000000001,9.969999999999994
8,17,16.590000000000003,15.010000000000005
8,16,17.39,16.249999999999996
8,17,13.559999999999993,17.55999999999999
8,13,10.999999999999988,21.409999999999993
8,19,17.02,14.920000000000002
8,20,17.870000000000005,13.859999999999998
8,17,15.749999999999996,18.769999999999996
8,19,16.55,13.81999999999999
8,12,11.319999999999991,15.069999999999995
8,14,13.180000000000001,23.69
8,60,15.110000000000003,10.620000000000001
8,12,12.149999999999993,18.349999999999994
8,59,16.770000000000007,10.079999999999995
8,14,13.650000000000004,20.22
8,58,16.54000000000001,10.720000000000002
8,18,15.349999999999998,15.45
8,59,16.65000000000001,9.829999999999997
8,15,13.599999999999994,20.090000000000007
8,59,17.190000000000012,10.329999999999995
8,21,15.389999999999995,14.889999999999997
8,19,15.910000000000002,15.959999999999997
8,60,16.680000000000003,10.6
8,55,15.920000000000007,10.530000000000001
8,12,11.119999999999994,23.199999999999992
8,14,15.520000000000005,15.670000000000002
8,55,15.600000000000003,9.639999999999997
8,60,16.970000000000002,10.82
8,13,10.679999999999986,22.180000000000007
8,58,15.86000000000001,10.059999999999995
8,58,16.25000000000001,10.309999999999997
8,55,16.24000000000001,10.129999999999999
8,17,11.129999999999995,16.080000000000002
8,60,15.959999999999999,10.299999999999995
8,14,11.599999999999993,17.979999999999993
8,61,17.939999999999998,10.29
8,15,12.769999999999998,20.13999999999999
8,57,16.640000000000004,9.779999999999998
8,19,16.010000000000005,15.639999999999999
8,14,15.609999999999996,15.04
8,15,18.480000000000004,13.750000000000002
8,15,13.189999999999994,16.779999999999994
8,14,12.329999999999988,20.169999999999998
8,14,11.61999999999999,17.430000000000003
8,57,15.460000000000004,10.089999999999998
8,20,14.540000000000001,14.730000000000006
8,62,16.55,9.849999999999996
8,15,17.870000000000005,14.709999999999996
8,17,13.529999999999992,16.7
8,56,17.17,10.399999999999997
8,15,13.689999999999992,14.54
8,61,17.960000000000004,9.919999999999996
8,57,15.630000000000004,9.530000000000001
8,14,12.389999999999997,17.83
8,60,15.740000000000007,9.499999999999995
8,58,17.360000000000003,10.589999999999995
8,59,17.130000000000003,10.040000000000001
8,18,15.629999999999999,15.360000000000001
8,20,17.640000000000008,13.339999999999996
8,60,16.110000000000014,9.820000000000002
8,58,16.460000000000004,10.799999999999999
8,61,16.570000000000004,10.29
8,18,12.399999999999997,14.789999999999996
8,14,10.929999999999993,19.679999999999996
8,60,17.610000000000007,9.679999999999998
8,16,16.630000000000003,15.050000000000002
8,19,15.280000000000005,15.429999999999998
8,59,17.63,9.769999999999998
8,58,17.15,9.53
8,16,13.850000000000001,16.589999999999996
8,11,11.419999999999986,19.279999999999994
8,58,16.020000000000007,10.599999999999998
8,17,15.449999999999998,15.140000000000002
9,19,18.43000000000001,14.48
9,64,18.650000000000013,9.679999999999994
9,14,13.639999999999992,15.819999999999997
9,57,16.61,9.9
9,21,16.389999999999993,14.750000000000002
9,20,19.950000000000003,13.849999999999996
9,16,14.15999999999999,16.020000000000003
9,13,14.139999999999999,16.209999999999997
9,17,15.960000000000008,14.620000000000005
9,20,16.38000000000001,13.669999999999998
9,62,17.839999999999996,10.619999999999997
9,61,18.53,9.949999999999998
9,16,14.34,14.2
9,15,13.68999999999999,17.73
9,23,17.56,14.759999999999993
9,60,16.150000000000006,9.540000000000001
9,18,13.899999999999995,18.249999999999993
9,23,18.170000000000012,14.749999999999996
9,22,16.730000000000008,12.009999999999998
9,63,18.189999999999998,9.819999999999999
9,16,13.049999999999985,18.08
9,62,17.740000000000002,9.260000000000003
9,16,13.959999999999996,18.720000000000006
9,62,16.550000000000008,9.729999999999999
9,61,18.570000000000004,10.2
9,18,15.69000000000001,16.84
9,62,17.539999999999996,10.269999999999996
9,20,19.069999999999993,16.129999999999995
9,63,19.360000000000003,10.329999999999998
9,20,15.710000000000008,15.700000000000001
9,60,17.670000000000005,10.51
9,19,14.790000000000004,16.689999999999998
9,20,19.790000000000003,15.709999999999997
9,20,13.850000000000003,16.599999999999994
9,60,18.19,9.909999999999997
9,15,14.610000000000005,18.81
9,66,18.609999999999992,9.349999999999994
9,56,15.92000000000001,10.190000000000001
9,61,17.340000000000003,10.509999999999996
9,59,18.980000000000008,10.320000000000002
9,58,17.760000000000012,9.679999999999998
9,61,16.210000000000008,9.919999999999996
9,62,18.589999999999996,10.249999999999998
9,14,12.269999999999989,14.689999999999996
9,17,14.14999999999999,15.690000000000003
9,61,17.540000000000003,10.539999999999997
9,59,17.46,10.110000000000001
9,19,15.360000000000014,14.709999999999999
9,60,18.000000000000004,9.689999999999994
9,21,15.710000000000013,12.289999999999997
9,19,17.830000000000002,13.399999999999997
9,63,19.780000000000012,9.759999999999998
9,16,14.160000000000004,20.04999999999999
9,63,20.320000000000004,9.749999999999996
9,23,19.00000000000001,15.91
9,19,14.119999999999997,14.219999999999994
9,20,17.350000000000012,16.029999999999998
9,56,17.199999999999996,9.709999999999999
9,16,14.800000000000008,15.339999999999998
9,56,17.249999999999996,10.75
9,63,17.170000000000005,10.149999999999999
9,17,18.42000000000001,16.589999999999993
9,18,17.030000000000005,17.11999999999999
9,18,17.099999999999998,17.839999999999993
9,63,19.02000000000001,10.7
9,61,18.750000000000007,10.73
9,60,16,10.039999999999997
9,12,12.239999999999988,17.44
9,19,16.2,15.969999999999992
9,16,17.690000000000005,15.789999999999996
9,60,16.84000000000001,10.59
9,18,17.85000000000001,17.029999999999998
9,18,18.32000000000001,14.549999999999995
9,59,16.120000000000008,10.219999999999995
9,15,15.350000000000012,19.249999999999996
9,22,18.960000000000008,14.169999999999996
9,18,15.639999999999999,15.719999999999999
9,64,20.570000000000007,9.470000000000002
9,18,13.890000000000004,21.879999999999995
9,62,19.400000000000013,10.53
9,61,18.53000000000001,10.16
9,19,18.300000000000004,17.11
9,61,16.340000000000007,10.19
9,63,17.13000000000001,9.690000000000001
9,20,15.380000000000006,17.720000000000002
9,20,16.630000000000003,13.499999999999996
9,16,16.65000000000001,16.879999999999985
9,18,18.870000000000015,15.110000000000001
9,59,18.41,10.609999999999998
9,63,18.65,10.039999999999996
9,19,17.21,14.179999999999996
9,24,18.070000000000007,16.150000000000002
9,63,18.680000000000007,10.4
9,20,18.59,15.399999999999995
9,16,13.450000000000003,18.78
9,57,15.38000000000001,10.160000000000004
9,20,15.38,14.35
9,60,17.340000000000014,10.529999999999998
9,17,17.799999999999997,13.489999999999997
9,20,18.15,16.569999999999993
10,64,20.430000000000003,10.890000000000006
10,19,17.729999999999993,13.160000000000004
10,16,17.390000000000008,14.809999999999993
10,63,22.45000000000001,10.419999999999996
10,63,18.23,10.519999999999998
10,63,18.680000000000014,10.559999999999999
10,60,17.420000000000005,10.389999999999993
10,61,19.259999999999994,10.769999999999996
10,23,19.170000000000012,14.259999999999998
10,66,20.810000000000002,9.67
10,65,18.65,9.73
10,61,19.11000000000001,10.110000000000005
10,60,17.68,9.55
10,62,19.270000000000014,9.679999999999993
10,19,18.920000000000016,14.260000000000002
10,20,17.750000000000004,14.850000000000001
10,19,19.330000000000013,17.059999999999995
10,65,19.15000000000001,9.66
10,66,20.040000000000003,10.169999999999996
10,70,21.830000000000005,9.019999999999998
10,65,19.609999999999996,9.699999999999998
10,23,15.850000000000007,10.889999999999997
10,22,18.669999999999998,14.809999999999997
10,20,16.98000000000001,16.06
10,65,19.680000000000014,10.17999999999999
10,58,16.760000000000012,10.290000000000001
10,21,19.8,12.28
10,59,18.520000000000003,10.409999999999993
10,19,18.61,16.75
10,62,19.4,10.129999999999995
10,62,19.880000000000003,10.459999999999997
10,60,18.269999999999996,10.199999999999998
10,64,20.830000000000002,9.709999999999997
10,24,20.090000000000003,17.60000000000001
10,21,19.84000000000001,17.17
10,22,21.070000000000004,16.9
10,21,17.04000000000001,14.65
10,23,21.19,14.949999999999998
10,23,19.550000000000015,16.54
10,17,17.00000000000001,16.500000000000004
10,17,15.630000000000015,20.82000000000001
10,19,15.129999999999988,16.609999999999996
10,22,18.870000000000015,14.479999999999997
10,63,17.760000000000005,9.709999999999996
10,61,17.570000000000004,9.6
10,17,17.92,18.429999999999996
10,61,16.740000000000006,9.389999999999997
10,21,19.72000000000001,17.899999999999988
10,23,18.850000000000016,15.009999999999998
10,64,19.930000000000007,10.149999999999999
10,22,20.500000000000004,14.859999999999998
10,67,18.340000000000014,9.709999999999996
10,65,19.750000000000007,9.879999999999997
10,17,15.870000000000012,21.24
10,16,14.889999999999999,18.12
10,20,14.129999999999997,15.359999999999994
10,19,15.910000000000014,16.169999999999998
10,19,19.35000000000001,15.230000000000002
10,18,14.529999999999989,16.719999999999995
10,18,18.240000000000013,16.439999999999998
10,21,18.33000000000001,14.059999999999999
10,60,18.090000000000003,10.259999999999998
10,62,17.740000000000002,10.700000000000001
10,60,19.25000000000001,10.45
10,59,18.230000000000004,10.729999999999997
10,62,20.060000000000013,10.019999999999998
10,63,18.720000000000002,10.119999999999996
10,64,20.550000000000008,10.149999999999997
10,65,22.390000000000008,9.689999999999996
10,20,17.640000000000004,17.460000000000008
10,66,20.95000000000001,10.84
10,64,19.67000000000001,10.839999999999996
10,19,19.710000000000008,15.669999999999996
10,62,19.700000000000003,9.230000000000002
10,18,15.600000000000007,15.009999999999998
10,19,18.48,16.859999999999996
10,64,18.939999999999998,9.54
10,61,18.62000000000001,9.359999999999998
10,22,16.13000000000001,19.57
10,62,18.840000000000003,10.649999999999999
10,61,18.640000000000008,9.879999999999995
10,20,18.950000000000014,13.750000000000002
10,65,20.12,9.719999999999999
10,18,18.93000000000001,16.889999999999993
10,66,19.78000000000001,9.099999999999998
10,20,17.120000000000005,17.859999999999996
10,68,20.070000000000004,10.049999999999994
10,23,17.269999999999996,15.409999999999997
10,66,17.67,9.589999999999998
10,22,18.259999999999994,14.300000000000002
10,21,19.220000000000013,18.569999999999997
10,20,19.210000000000015,15.259999999999993
10,64,20.060000000000006,10.059999999999999
10,17,13.86999999999999,13.099999999999993
10,23,16.37000000000001,15.679999999999996
10,17,15.970000000000008,14.020000000000001
10,21,16.51000000000001,17.849999999999998
10,65,17.970000000000006,9.950000000000001
10,59,18.67000000000002,9.929999999999998
10,61,16.880000000000006,9.579999999999997
11,21,20.58000000000001,13.079999999999998
11,64,19.560000000000016,9.24
11,63,19.700000000000003,9.979999999999999
11,21,16.190000000000012,19.859999999999985
11,21,17.53000000000001,14.48
11,20,16.69000000000001,11.709999999999997
11,67,20.69,9.679999999999993
11,66,19.67000000000001,9.649999999999993
11,70,23.12000000000002,8.689999999999996
11,23,20.910000000000007,14.53
11,22,19.45000000000001,15.520000000000001
11,25,20.630000000000003,16.77
11,22,18.460000000000004,15.249999999999998
11,22,16.910000000000018,14.209999999999996
11,66,20.990000000000006,9.789999999999997
11,20,19.400000000000006,14.9
11,25,21.65,13.519999999999994
11,16,19.820000000000007,12.529999999999994
11,22,21.390000000000004,15.25999999999999
11,68,21.810000000000013,9.119999999999996
11,63,18.389999999999997,9.469999999999999
11,64,19.460000000000015,10.200000000000001
11,61,17.96000000000001,10.139999999999999
11,68,22.030000000000012,9.75
11,26,21.43,14.9
11,24,18.90000000000001,14.199999999999998
11,20,20.89000000000001,14.079999999999998
11,19,19.060000000000006,14.100000000000001
11,21,16.510000000000016,16.16
11,63,20.070000000000004,9.479999999999995
11,24,22.040000000000006,15.629999999999992
11,65,21.440000000000005,9.669999999999998
11,68,21.17,10.419999999999996
11,64,20.52,10.219999999999995
11,67,22.100000000000005,9.950000000000003
11,24,21.270000000000014,16.37
11,22,20.070000000000004,16.47
11,65,21.01000000000002,10.729999999999999
11,21,15.610000000000012,19.479999999999997
11,63,19.270000000000007,10.040000000000004
11,67,21.27,9.599999999999996
11,63,19.119999999999997,9.33
11,66,22.150000000000023,9.609999999999994
11,19,19.29,13.17
11,19,16.6,16.059999999999995
11,19,16.340000000000007,20.11999999999999
11,61,18.650000000000006,9.789999999999997
11,64,20.46000000000001,10.51
11,19,16.54000000000001,16.51
11,25,20.930000000000007,15.369999999999994
11,66,20.04000000000001,9.690000000000003
11,21,16.44000000000001,18.59
11,66,22.119999999999997,9.889999999999997
11,23,20.22000000000001,14.049999999999995
11,64,21.170000000000016,9.739999999999997
11,22,17.67000000000001,15.459999999999999
11,25,21.790000000000003,14.849999999999994
11,65,19.59000000000001,9.249999999999995
11,66,19.560000000000006,9.249999999999998
11,67,20.67,9.939999999999994
11,22,18.699999999999996,16.05
11,23,21.009999999999998,15.479999999999999
11,62,19.92000000000001,9.489999999999997
11,62,19.560000000000006,9.629999999999992
11,20,15.420000000000012,16.849999999999998
11,64,19.209999999999997,9.839999999999995
11,64,20.150000000000013,10.520000000000001
11,26,20.01,13.200000000000003
11,24,19.869999999999994,15.46
11,22,19.919999999999998,14.139999999999999
11,69,21.48000000000001,9.559999999999999
11,64,19.420000000000005,9.559999999999993
11,21,17.220000000000013,18.89
11,22,21.44,13.82
11,66,18.85,10.180000000000001
11,19,21.94000000000001,14.259999999999996
11,67,21.39000000000001,9.609999999999998
11,68,20.750000000000014,9.600000000000001
11,24,18.710000000000008,14.49
11,67,21.360000000000014,9.639999999999997
11,62,18.480000000000015,9.529999999999996
11,70,21.520000000000007,9.439999999999994
11,63,18.640000000000004,9.06
11,20,18.310000000000006,15.030000000000001
11,18,15.900000000000023,16.199999999999996
11,23,17.59000000000001,13.839999999999998
11,22,16.960000000000015,17.28
11,22,19.2,17.029999999999994
11,67,20.920000000000005,10.099999999999994
11,66,21.670000000000012,9.879999999999994
11,67,19.81,9.5
11,62,19.1,9.579999999999993
11,22,20.52,17.549999999999994
11,17,15.920000000000014,16.839999999999996
11,62,20.440000000000012,10.600000000000001
11,66,19.890000000000008,10.559999999999999
11,65,19.55,9.819999999999999
11,65,20.73000000000001,9.84
11,66,19.070000000000007,9.69
11,64,21.10000000000001,9.409999999999997
12,64,21.010000000000005,9.429999999999996
12,68,22.960000000000004,9.56
12,69,21.67000000000001,9.16
12,67,22.169999999999998,9.379999999999999
12,25,22.330000000000002,11.43
12,61,19.27000000000001,9.93
12,70,22.15000000000001,9.309999999999995
12,24,19.53000000000001,15.669999999999996
12,21,19.930000000000007,15.56
12,22,21.83000000000001,16.4
12,24,19.10000000000001,13.729999999999992
12,21,17.470000000000002,15.46
12,67,21.76,9.99
12,64,21.430000000000014,10.02
12,63,20.680000000000014,9.939999999999996
12,23,20.34000000000001,16.88
12,70,22.630000000000017,9.749999999999993
12,65,20.750000000000007,10.089999999999998
12,68,23.180000000000007,9.82
12,23,21.830000000000005,14.979999999999999
12,65,20.44000000000002,9.580000000000004
12,26,22.63000000000001,15.059999999999999
12,68,22.049999999999997,9.79
12,65,20.270000000000003,10.459999999999999
12,66,21.68000000000001,10.209999999999999
12,64,21.770000000000014,10.28
12,69,22.310000000000013,8.760000000000002
12,67,21.880000000000013,9.179999999999994
12,69,24.129999999999992,10.090000000000003
12,66,21.620000000000008,9.829999999999997
12,25,21.39000000000001,16.569999999999997
12,26,22.090000000000014,13.31
12,64,22.990000000000006,10.340000000000003
12,66,20.51000000000001,9.489999999999998
12,69,22.299999999999997,9.299999999999999
12,25,22.990000000000013,15.129999999999994
12,68,20.510000000000005,9.770000000000005
12,69,24.09,10.070000000000002
12,69,21.730000000000004,9.41
12,25,23.229999999999997,14.659999999999998
12,24,23.219999999999988,15.339999999999993
12,23,23.150000000000006,13.299999999999997
12,25,23.21999999999999,14.619999999999996
12,68,23.00000000000001,9.099999999999998
12,19,17.500000000000004,21.759999999999998
12,23,20.890000000000008,13.939999999999998
12,66,19.950000000000003,9.269999999999998
12,67,22.29000000000001,9.359999999999998
12,65,20.169999999999998,9.659999999999998
12,24,22.320000000000007,16.269999999999996
12,65,20.849999999999998,9.399999999999999
12,67,21.43000000000001,9.419999999999995
12,65,22.41,10.280000000000005
12,66,23.200000000000003,10.089999999999996
12,66,21.01000000000001,9.519999999999994
12,62,20.400000000000006,10.140000000000002
12,66,22.800000000000004,9.240000000000004
12,64,19.810000000000002,10.42
12,67,20.519999999999996,9.3
12,65,21.930000000000014,10.099999999999994
12,69,22.72000000000001,9.669999999999996
12,68,20.980000000000008,9.789999999999997
12,25,17.700000000000006,15.669999999999998
12,64,22.26000000000001,10.420000000000002
12,65,19.89,10.21
12,23,17.87000000000001,13.829999999999991
12,67,20.560000000000006,9.309999999999997
12,73,23.73,9.529999999999998
12,65,20.570000000000004,10.609999999999998
12,66,22.300000000000004,10.309999999999997
12,68,22.750000000000007,9.829999999999998
12,65,21.619999999999997,9.83
12,26,22.47999999999999,14.619999999999994
12,23,20.790000000000003,10.87
12,20,21.740000000000013,15.680000000000005
12,69,22.250000000000014,9.789999999999994
12,22,18.110000000000007,14.199999999999998
12,27,23.25,14.730000000000002
12,68,20.88000000000001,9.729999999999995
12,24,21.39000000000001,14.929999999999994
12,66,21.749999999999993,10.290000000000001
12,67,22.30000000000001,9.929999999999998
12,66,21.58000000000001,9.449999999999994
12,66,20.67000000000001,9.919999999999996
12,20,20.160000000000004,14.77
12,23,21.310000000000006,13.479999999999997
12,68,20.740000000000013,9.389999999999997
12,67,20.379999999999995,9.419999999999995
12,67,21.230000000000008,10.56
12,66,22.22000000000001,10.59
12,68,22.720000000000002,9.660000000000002
12,66,21.09000000000001,9.83
12,72,23.78,9.66
12,70,23.280000000000005,9.58
12,22,21.590000000000003,12.419999999999996
12,67,22.650000000000006,9.97
12,73,23.800000000000004,9.539999999999997
12,67,22.030000000000005,9.639999999999997
12,66,19.540000000000003,9.92
12,68,21.070000000000007,9.85
13,70,23.93,9.509999999999996
13,73,24.57,9.559999999999995
13,68,23.400000000000002,9.399999999999999
13,67,21.650000000000002,9.479999999999997
13,69,22.719999999999995,9.419999999999998
13,26,21.67000000000002,13.019999999999994
13,70,23.850000000000012,9.920000000000003
13,71,23.830000000000002,10.01
13,69,22.619999999999997,9.909999999999997
13,68,22.740000000000002,10.259999999999994
13,28,22.970000000000002,15.31
13,69,23.080000000000016,8.579999999999997
13,68,22.349999999999998,10.339999999999995
13,70,22.49000000000001,10.099999999999996
13,69,22.58000000000001,10.19
13,69,22.860000000000003,9.879999999999995
13,67,22.75000000000001,11.129999999999997
13,73,25.359999999999996,9.480000000000002
13,67,23.000000000000004,9.780000000000003
13,71,22.3,9.549999999999992
13,69,21.319999999999997,9.340000000000002
13,68,23.36000000000001,9.599999999999996
13,69,22.630000000000006,10.050000000000002
13,30,24.11,13.399999999999993
13,25,18.910000000000007,14.19
13,66,23.65000000000001,10.08
13,71,24.249999999999993,9.43
13,70,23.430000000000007,9.579999999999995
13,66,22.19000000000001,9.630000000000003
13,29,23.420000000000005,13.719999999999995
13,28,23.06,14.179999999999998
13,69,22.450000000000006,9.629999999999999
13,68,23.869999999999997,9.639999999999995
13,29,22.890000000000004,13.609999999999994
13,26,21.65000000000001,14.249999999999996
13,70,22.16000000000001,9.619999999999997
13,70,21.989999999999988,9.01
13,66,22.270000000000003,9.86
13,66,20.810000000000002,9.620000000000003
13,68,21.810000000000013,10.010000000000002
13,72,24.579999999999995,9.57
13,71,23.56000000000001,9.53
13,69,24.630000000000003,9.41
13,68,22.750000000000004,10.109999999999992
13,67,22.78,9.869999999999996
13,68,23.660000000000004,9.62
13,64,21.680000000000003,9.840000000000003
13,72,23.47,9.780000000000001
13,29,23.030000000000012,15.600000000000001
13,69,21.88,9.900000000000004
13,70,23.289999999999996,10.069999999999997
13,29,23.660000000000014,15.229999999999999
13,65,23.57000000000001,10.109999999999992
13,27,21.950000000000014,12.079999999999998
13,29,24.189999999999994,12.549999999999995
13,70,24.39000000000001,9.5
13,63,21.030000000000005,9.709999999999999
13,22,21.740000000000002,14.139999999999999
13,73,23.200000000000003,9.249999999999998
13,73,24.689999999999998,9.199999999999998
13,28,24.110000000000003,13.57
13,26,20.19,15.000000000000002
13,72,23.849999999999994,10.16
13,66,21.150000000000013,9.519999999999998
13,73,23.84000000000001,9.589999999999996
13,26,20.77000000000001,17.900000000000006
13,71,23.220000000000013,9.2
13,70,23.87000000000002,9.520000000000001
13,70,22.349999999999998,9.92
13,26,21.77,13.799999999999995
13,69,23.780000000000012,9.759999999999994
13,72,22.859999999999996,9.179999999999998
13,66,22.01000000000001,9.789999999999997
13,68,24.03000000000001,9.259999999999996
13,72,24.64,9.549999999999997
13,68,22.03,9.769999999999994
13,26,19.440000000000005,13.959999999999996
13,67,22.76,9.43
13,73,24.460000000000008,9.549999999999999
13,71,24.270000000000007,9.659999999999998
13,24,18.82000000000001,17.939999999999994
13,23,22.230000000000004,13.359999999999994
13,29,23.450000000000014,13.650000000000002
13,69,22.919999999999998,9.069999999999995
13,30,24.470000000000006,13.159999999999993
13,68,21.73000000000001,9.920000000000002
13,68,21.410000000000018,9.680000000000001
13,70,23.31000000000001,9.760000000000005
13,71,23.430000000000003,9.209999999999997
13,66,22.090000000000003,9.279999999999998
13,24,18.660000000000004,16.189999999999998
13,72,24.700000000000003,10.339999999999995
13,66,21.110000000000007,9.519999999999998
13,72,25.78,8.779999999999998
13,67,23.110000000000007,9.809999999999995
13,67,22.82000000000001,9.189999999999996
13,70,21.870000000000008,9.549999999999995
13,73,23.280000000000005,8.95
13,69,25.49000000000001,9.239999999999998
13,66,21.72000000000001,9.82
14,70,25.160000000000004,9.84999999999999
14,73,24.179999999999996,9.24
14,28,21.239999999999995,13.74
14,26,23.849999999999998,16.150000000000002
14,70,23.840000000000003,10.009999999999998
14,26,24.150000000000002,14.129999999999999
14,71,24.080000000000005,10.490000000000004
14,73,25.78999999999999,9.040000000000001
14,67,22.240000000000002,9.929999999999996
14,28,21.52000000000001,13.76
14,24,21.980000000000004,15.260000000000002
14,71,23.519999999999996,9.579999999999995
14,65,23.03,10.49
14,27,23.84,16.560000000000002
14,27,22.950000000000006,14.639999999999993
14,27,19.81,13.959999999999994
14,68,23.340000000000003,10.119999999999989
14,71,24.75000000000001,9.509999999999998
14,28,24.019999999999996,11.999999999999998
14,72,24.610000000000007,9.469999999999995
14,68,22.71,9.700000000000003
14,73,25.749999999999993,9.469999999999995
14,76,25.659999999999997,9.149999999999999
14,72,25.980000000000004,9.54
14,27,23.700000000000006,13.279999999999998
14,69,23.389999999999997,10.010000000000002
14,27,24.85000000000001,14.449999999999994
14,70,24.12,9.119999999999997
14,73,24.139999999999997,9.129999999999997
14,29,21.7,13.019999999999998
14,72,24.18999999999999,9.519999999999996
14,69,24.380000000000006,8.96
14,68,24.01000000000001,10.040000000000003
14,71,22.979999999999993,9.239999999999993
14,71,23.96000000000001,9.379999999999999
14,29,24.500000000000007,12.959999999999996
14,66,23.57,9.839999999999996
14,30,25.449999999999992,14.38
14,72,23.590000000000003,9.409999999999998
14,71,23.730000000000018,9.76
14,69,24.050000000000008,9.349999999999996
14,71,25.60999999999999,8.989999999999997
14,67,22.180000000000003,10.299999999999997
14,27,23.969999999999995,14.449999999999992
14,68,22.279999999999998,9.570000000000002
14,65,22.820000000000004,9.539999999999997
14,29,25.549999999999997,12.989999999999995
14,74,25.240000000000013,10.530000000000003
14,26,25.00999999999999,14.440000000000007
14,75,25.079999999999995,9.78
14,68,22.66000000000001,9.620000000000001
14,74,23.559999999999995,9.15
14,71,25.11,10.54
14,28,24.65000000000001,14.699999999999996
14,71,24.329999999999995,9.649999999999995
14,70,23.680000000000007,9.690000000000001
14,74,23.82999999999999,9.120000000000003
14,74,24.410000000000014,9.589999999999995
14,74,24.410000000000007,9.139999999999997
14,27,21.619999999999997,12.579999999999997
14,71,23.910000000000018,9.299999999999997
14,68,24.220000000000006,9.640000000000002
14,75,25.090000000000003,9.149999999999997
14,71,25.75,9.349999999999998
14,29,24.55,14.12
14,70,23.670000000000016,9.320000000000004
14,72,24.389999999999997,9.369999999999997
14,71,23.999999999999996,9.209999999999997
14,72,24.639999999999993,10.389999999999993
14,72,23.5,9.749999999999998
14,29,23.620000000000008,14.27
14,30,25.389999999999993,11.479999999999993
14,26,22.290000000000006,13.419999999999998
14,72,25.42999999999999,9.039999999999997
14,28,25.580000000000013,12.62
14,72,24.56,9.259999999999998
14,68,24.560000000000006,9.979999999999999
14,72,23.909999999999997,9.379999999999995
14,28,22.810000000000002,17.450000000000003
14,71,24.350000000000005,9.359999999999998
14,71,22.300000000000008,9.6
14,27,24.130000000000006,13.929999999999998
14,70,23.16999999999999,8.729999999999997
14,28,21.920000000000012,15.299999999999997
14,71,24.15000000000001,9.619999999999992
14,69,25.630000000000006,9.399999999999997
14,74,24.450000000000003,9.15
14,31,24.28,14.259999999999996
14,74,24.750000000000007,8.91
14,73,23.150000000000002,9.189999999999996
14,73,23.65999999999999,9.469999999999999
14,25,20.23,14.660000000000002
14,72,26.2,9.579999999999998
14,71,23.910000000000004,9.819999999999995
14,72,23.900000000000013,9.720000000000002
14,28,25.12999999999999,13.209999999999994
14,28,21.950000000000006,13.360000000000001
14,72,22.93000000000001,8.729999999999999
14,71,25.140000000000008,9.41
14,69,24.090000000000003,9.889999999999997
15,74,25.809999999999995,9.309999999999999
15,31,25.370000000000005,11.479999999999992
15,74,25.760000000000005,9.939999999999996
15,68,23.83,9.359999999999996
15,74,25.360000000000003,9.27
15,74,25.880000000000013,8.9
15,70,24.179999999999996,9.700000000000001
15,73,25.27999999999999,9.859999999999998
15,74,25.14,9.649999999999999
15,72,25.15000000000001,10.250000000000002
15,74,25.389999999999993,9.669999999999998
15,76,26.919999999999998,8.819999999999999
15,73,25.820000000000007,9.559999999999995
15,77,26.320000000000004,9.259999999999996
15,30,25.640000000000004,12.629999999999997
15,75,26.64999999999999,9.600000000000003
15,72,24.919999999999995,9.929999999999998
15,31,24.829999999999995,14.45999999999999
15,72,24.440000000000005,9.540000000000001
15,28,24.340000000000003,15.2
15,70,24.93000000000001,9.920000000000002
15,73,25.470000000000013,9.51
15,28,23.330000000000002,13.400000000000002
15,73,25.24,9.3
15,30,25.360000000000014,12.25
15,75,26.110000000000003,8.87
15,75,25.00000000000001,9.049999999999999
15,70,24.810000000000006,9.26
15,71,24.560000000000013,9.24
15,74,25.83999999999999,9.18
15,73,25.06000000000001,8.879999999999997
15,72,25.279999999999998,10.040000000000001
15,74,26.03999999999999,9.04
15,30,25.12,13.499999999999998
15,70,24.640000000000004,9.33
15,31,25.74,14.75999999999999
15,72,25.919999999999998,9.65
15,72,26.22999999999999,8.959999999999994
15,67,24.040000000000006,10.240000000000002
15,72,23.819999999999997,9.619999999999996
15,77,27.31,10.019999999999996
15,74,25.790000000000006,9.119999999999997
15,71,24.670000000000005,9.589999999999998
15,27,25.150000000000013,14.219999999999992
15,25,21.99,13.039999999999996
15,74,25.650000000000002,9.109999999999996
15,28,25.310000000000002,17.04
15,74,26.209999999999994,9.120000000000003
15,77,26.16999999999999,9.049999999999994
15,71,25.340000000000018,9.679999999999996
15,69,24.140000000000008,9.729999999999999
15,74,26.36,9.139999999999993
15,30,22.759999999999998,14.549999999999999
15,75,25.800000000000004,9.19
15,31,24.580000000000005,13.28
15,73,26.04000000000001,9.139999999999999
15,74,25.740000000000013,9.439999999999996
15,70,23.200000000000006,9.28
15,30,26.56,13.7
15,77,27.470000000000006,9.549999999999994
15,28,24.159999999999997,13.970000000000002
15,72,23.659999999999993,9.610000000000001
15,71,25.74000000000001,10.669999999999996
15,75,24.980000000000008,9.399999999999999
15,33,24.929999999999996,13.359999999999998
15,72,25.949999999999992,9.63
15,76,25.449999999999992,9.42
15,75,26.059999999999995,9.31
15,29,25.150000000000002,15.48
15,74,25.58000000000001,8.719999999999997
15,74,26.059999999999995,9.4
15,77,25.500000000000004,9.469999999999995
15,75,26.319999999999986,9.39
15,77,25.470000000000006,9.289999999999996
15,71,24.529999999999994,9.749999999999996
15,31,24.959999999999997,13.849999999999996
15,75,26.249999999999996,9.48
15,72,24.679999999999996,9.610000000000003
15,73,24.619999999999994,9.409999999999998
15,74,26.140000000000004,9.489999999999995
15,75,25.319999999999997,9.779999999999992
15,71,25.51999999999999,9.810000000000002
15,26,21.15,17.49999999999999
15,25,20.85000000000001,13.490000000000002
15,72,24.009999999999998,9.3
15,73,25.57,9.520000000000001
15,31,25.89,12.670000000000003
15,71,25.369999999999997,10.109999999999998
15,75,26.430000000000007,9.339999999999996
15,31,25.320000000000007,14.58
15,73,26.42000000000001,9.519999999999998
15,76,26.530000000000012,9.130000000000003
15,75,25.87,9.379999999999999
15,72,24.78,9.360000000000003
15,75,26.659999999999997,9.52
15,31,25.34,14.460000000000003
15,72,24.689999999999994,9.809999999999995
15,70,22.820000000000007,8.969999999999997
15,72,25.400000000000002,9.179999999999996
15,71,25.169999999999995,9.11
16,31,25.53,12.980000000000002
16,32,26.88,14.959999999999996
16,78,26.569999999999997,9.389999999999997
16,34,26.370000000000008,12.249999999999995
16,76,25.790000000000003,9.870000000000003
16,76,27.270000000000003,9.11
16,77,27.08999999999999,9.629999999999994
16,75,26.56,8.99
16,74,26.679999999999993,8.81
16,76,25.80000000000001,9.29
16,77,26.779999999999998,9.579999999999998
16,32,27.409999999999997,13.37
16,75,26.640000000000008,10.019999999999998
16,76,26.290000000000003,9.750000000000002
16,74,25.449999999999996,10.609999999999996
16,75,27.000000000000004,8.969999999999995
16,75,26.49000000000001,9.5
16,75,26.310000000000006,8.949999999999998
16,73,26.639999999999997,9.260000000000002
16,74,26.709999999999994,9.639999999999999
16,70,25.16000000000001,9.620000000000005
16,31,26.66,14.499999999999996
16,72,24.96,8.939999999999996
16,78,28.170000000000005,8.999999999999996
16,74,26.879999999999995,9.25
16,31,26.340000000000007,12.759999999999996
16,75,27.739999999999995,9.279999999999996
16,75,26.929999999999996,9.279999999999996
16,73,25.490000000000006,9.369999999999994
16,31,24.120000000000005,13.109999999999998
16,74,24.620000000000005,8.939999999999998
16,34,27.329999999999995,12.930000000000003
16,77,27.10000000000001,9.229999999999999
16,78,27.379999999999995,9.17
16,73,25.130000000000006,9.120000000000001
16,76,27.329999999999995,9.759999999999998
16,76,27.84,8.929999999999994
16,76,27.34,9.010000000000002
16,73,24.95,9.329999999999993
16,77,27.059999999999995,9.1
16,73,25.730000000000008,9.21
16,77,27.31999999999999,8.990000000000002
16,78,26.690000000000015,9.149999999999999
16,72,26.38,9.309999999999999
16,78,27.489999999999995,9.059999999999999
16,32,25.98,14.780000000000001
16,78,26.77,8.939999999999996
16,78,26.929999999999993,9.249999999999996
16,78,27.570000000000007,8.879999999999997
16,78,27.92,9.249999999999998
16,74,26.94000000000001,9.629999999999997
16,76,25.999999999999996,9.179999999999996
16,74,26.279999999999987,9.149999999999997
16,75,26.02999999999999,9.739999999999997
16,72,25.859999999999992,8.89
16,74,25.520000000000007,9.520000000000001
16,74,26.869999999999997,9.74
16,76,26.650000000000002,8.689999999999998
16,75,26.229999999999997,9.179999999999996
16,73,26.41,10.039999999999997
16,74,26.210000000000008,9.679999999999996
16,76,27.050000000000004,9.559999999999999
16,75,27.160000000000007,9.12
16,76,27.039999999999992,9.579999999999997
16,75,26.219999999999995,9.499999999999996
16,76,25.73000000000001,9.499999999999995
16,78,26.779999999999998,9.27
16,34,27.760000000000005,15.159999999999997
16,72,25.470000000000002,9.82
16,74,26.459999999999997,9.789999999999996
16,76,27.679999999999993,9.489999999999998
16,76,26.730000000000008,9.099999999999996
16,76,26.589999999999996,9.220000000000004
16,73,24.870000000000005,9.579999999999998
16,77,26.390000000000008,8.859999999999998
16,29,25.17000000000001,14.51
16,76,26.33,8.389999999999999
16,72,25.130000000000006,9.190000000000001
16,77,27.390000000000004,9.749999999999996
16,73,25.789999999999992,9.270000000000001
16,32,25.029999999999994,13.429999999999996
16,74,25.610000000000014,8.999999999999996
16,73,25.71,9.690000000000001
16,32,26.61999999999999,13.959999999999992
16,34,27.020000000000003,14.110000000000001
16,32,26.82999999999998,14.669999999999998
16,71,24.780000000000005,8.730000000000002
16,32,25.919999999999998,14.309999999999993
16,74,26.109999999999996,9.289999999999996
16,72,25.94,9.270000000000003
16,78,26.719999999999988,9.319999999999999
16,77,27.1,9.099999999999996
16,75,26.68,9.380000000000003
16,33,27.539999999999996,13.859999999999992
16,76,25.760000000000016,8.799999999999999
16,73,25.550000000000008,9.379999999999997
16,73,26.17000000000001,9.490000000000002
16,74,26.41,9.699999999999996
16,78,28.26,8.639999999999997
16,75,25.88,9.51
17,79,27.839999999999993,9.159999999999995
17,76,27.329999999999995,9.579999999999995
17,35,28.109999999999996,13.56999999999999
17,79,28.420000000000005,8.84
17,78,28.249999999999986,9.219999999999997
17,77,29.040000000000006,9.22
17,77,26.580000000000002,9.419999999999998
17,74,27.569999999999993,9.589999999999998
17,78,28.110000000000007,9.969999999999999
17,79,27.499999999999986,8.909999999999998
17,77,28.019999999999992,8.970000000000004
17,78,28.29000000000001,9.089999999999998
17,74,27.259999999999994,8.669999999999998
17,76,27.16999999999999,9.360000000000003
17,77,26.670000000000012,9.049999999999999
17,77,28.48,9.360000000000001
17,79,28.169999999999998,9.29
17,79,28.89999999999998,9.019999999999996
17,75,27.31999999999999,8.85
17,76,27.929999999999986,8.789999999999997
17,78,27.789999999999996,9.390000000000002
17,76,26.749999999999996,9.290000000000001
17,77,27.419999999999998,9.039999999999997
17,34,28.380000000000013,13.050000000000002
17,35,28.240000000000006,12.859999999999996
17,77,28.209999999999994,8.819999999999993
17,33,27.469999999999995,14.509999999999996
17,35,28.129999999999992,11.719999999999997
17,79,27.509999999999998,9.05
17,78,27.9,8.259999999999996
17,78,28.43999999999999,8.88
17,75,27.749999999999993,9.129999999999995
17,75,27.800000000000004,9.500000000000002
17,77,28.909999999999997,8.969999999999997
17,75,25.949999999999996,8.839999999999998
17,77,27.65000000000001,9.370000000000003
17,78,28.080000000000002,9.599999999999998
17,79,27.660000000000004,8.79
17,77,27.439999999999994,9.519999999999996
17,76,26.95999999999999,9.629999999999997
17,34,27.269999999999985,13.46
17,78,28.48,9.44
17,79,27.790000000000003,9.139999999999999
17,78,28.11,9.290000000000001
17,75,26.689999999999987,9.430000000000001
17,75,26.629999999999992,9.01
17,79,28.83000000000001,9.060000000000002
17,79,27.97,9.409999999999995
17,76,27.470000000000002,9.429999999999996
17,78,27.740000000000006,9.620000000000001
17,79,28.42,9.399999999999995
17,76,27.279999999999994,9.659999999999995
17,78,27.699999999999985,9.040000000000001
17,79,29.13999999999999,8.739999999999998
17,79,27.830000000000002,8.870000000000003
17,76,27.13,9.049999999999997
17,78,28.209999999999994,9.159999999999998
17,78,28.109999999999992,8.96
17,33,27.240000000000002,13.860000000000001
17,74,26.929999999999993,9.419999999999998
17,76,26.680000000000003,8.789999999999997
17,76,27.55,8.929999999999996
17,76,27.39000000000001,9.089999999999998
17,77,27.780000000000005,9.829999999999998
17,78,28.83999999999999,8.859999999999998
17,77,28.42999999999999,9.29
17,77,27.88,8.709999999999999
17,79,27.540000000000006,9.21
17,33,26.560000000000002,14.299999999999995
17,77,26.51,9.35
17,77,27.209999999999997,8.82
17,78,28.330000000000002,9.249999999999993
17,79,27.989999999999988,9.440000000000001
17,77,27.740000000000002,8.959999999999997
17,77,26.380000000000006,9.17
17,79,28.159999999999997,9.009999999999998
17,75,27.32000000000001,9.07
17,35,27.68000000000002,11.419999999999996
17,35,28.020000000000014,11.819999999999997
17,79,29.409999999999993,8.999999999999998
17,77,27.610000000000003,9.229999999999999
17,74,26.26000000000001,8.899999999999999
17,74,27.730000000000008,10.159999999999997
17,77,28.65,8.649999999999999
17,35,28.57,13.619999999999996
17,74,26.110000000000007,8.819999999999997
17,79,28.379999999999992,8.919999999999996
17,79,28.610000000000007,9.11
17,33,26.570000000000004,12.719999999999988
17,77,27.750000000000018,9.279999999999994
17,78,27.740000000000002,8.799999999999995
17,75,27.380000000000006,9.479999999999995
17,75,26.999999999999996,9.100000000000001
17,35,28.639999999999997,12.05
17,76,28.019999999999996,8.849999999999998
17,76,27.14000000000002,8.98
17,76,26.61000000000001,9.449999999999996
17,79,28.029999999999994,8.669999999999998
17,75,27.25,9.19
17,79,27.82,9.049999999999995
18,80,28.84999999999999,8.949999999999996
18,80,29.819999999999997,8.850000000000001
18,36,29.05999999999999,14.180000000000003
18,80,28.25999999999999,9.009999999999994
18,80,28.749999999999993,8.71
18,80,29.189999999999994,9.039999999999997
18,80,29.109999999999978,8.89
18,79,28.670000000000012,8.86
18,80,28.9,8.949999999999998
18,78,27.909999999999997,8.979999999999997
18,80,29.439999999999994,9.249999999999996
18,77,28.619999999999997,9.709999999999999
18,80,29.220000000000006,9.019999999999998
18,36,28.62,12.859999999999992
18,80,28.719999999999995,9.439999999999996
18,80,29.249999999999993,9.049999999999995
18,80,29.689999999999994,9.209999999999997
18,78,29.039999999999996,9.009999999999996
18,80,29.100000000000005,9.290000000000003
18,78,28.250000000000014,8.949999999999998
18,80,28.67999999999999,9.089999999999995
18,80,29.08,8.839999999999998
18,36,28.429999999999996,12.280000000000001
18,80,29.669999999999995,8.69
18,77,27.78000000000002,9.299999999999995
18,78,27.780000000000005,8.610000000000001
18,77,28.4,9.01
18,77,27.549999999999994,9.320000000000002
18,79,29.159999999999997,8.889999999999999
18,78,28.73,9.219999999999999
18,80,28.66999999999999,9.119999999999997
18,80,29.07,8.769999999999996
18,80,28.619999999999997,9.219999999999999
18,78,27.82999999999999,9.109999999999998
18,77,28.650000000000006,9.759999999999993
18,80,29.21999999999999,8.719999999999999
18,77,27.680000000000003,9.099999999999994
18,80,28.85000000000001,9.459999999999994
18,78,28.72999999999999,8.910000000000002
18,78,28.11999999999999,8.949999999999998
18,77,27.86,9.18
18,80,28.909999999999993,9.05
18,78,28.680000000000003,9.239999999999993
18,80,29.05,9.229999999999997
18,80,28.55999999999999,8.879999999999997
18,79,29.38000000000001,9.569999999999999
18,78,29.21999999999999,10.069999999999999
18,79,29.339999999999986,9.039999999999996
18,78,27.89,8.889999999999999
18,80,28.390000000000008,8.99
18,80,28.519999999999996,8.969999999999995
18,80,29.589999999999993,8.989999999999995
18,80,29.769999999999996,8.83
18,80,28.850000000000005,8.789999999999997
18,78,28.95,9.260000000000002
18,77,29.419999999999998,9.2
18,78,28.410000000000007,8.479999999999997
18,36,28.46999999999999,12.899999999999995
18,78,27.740000000000006,9.029999999999998
18,80,28.849999999999987,8.690000000000001
18,80,29.709999999999997,9.189999999999996
18,78,28.58,9.349999999999994
18,80,29.86,8.959999999999994
18,78,28.88999999999998,9.669999999999998
18,80,29.289999999999996,9.079999999999997
18,79,28.38,9.11
18,77,28.790000000000003,9.149999999999999
18,80,28.979999999999997,8.959999999999996
18,80,29.41999999999999,8.879999999999994
18,80,28.9,9.100000000000001
18,79,28.589999999999996,9.11
18,80,29.04999999999999,9.21
18,80,29,8.749999999999996
18,77,28.580000000000002,9.019999999999998
18,78,29.069999999999993,9.649999999999999
18,80,29.259999999999998,8.249999999999998
18,79,28.53,9.300000000000002
18,78,28.37,9.539999999999997
18,80,28.979999999999986,9.459999999999997
18,79,29.06999999999999,9.269999999999998
18,80,29.569999999999997,9.360000000000001
18,78,28.59999999999998,9.700000000000001
18,79,29.019999999999992,8.789999999999996
18,78,28.750000000000014,9.28
18,78,27.5,8.769999999999996
18,78,28.829999999999995,9.839999999999998
18,77,27.84999999999999,9.039999999999996
18,80,29.51,8.859999999999996
18,80,29.65999999999999,9.24
18,80,28.80999999999999,9.029999999999998
18,78,28.570000000000004,8.839999999999996
18,80,28.579999999999995,9.459999999999997
18,79,28.780000000000005,8.479999999999999
18,80,28.970000000000006,9.359999999999998
18,80,29.469999999999978,9.7
18,36,28.539999999999996,12.229999999999997
18,79,29.880000000000013,9.209999999999996
18,79,29.509999999999998,8.4
18,80,29.369999999999997,9.519999999999994
18,79,28.75,8.879999999999999
19,81,30.060000000000002,8.629999999999999
19,81,29.539999999999996,9.400000000000002
19,81,30.159999999999986,9.34
19,81,29.83999999999998,9.289999999999996
19,81,29.809999999999995,8.939999999999996
19,81,29.91999999999999,8.770000000000003
19,81,30.069999999999993,8.839999999999998
19,81,29.70999999999999,9.18
19,81,29.769999999999992,9.369999999999997
19,81,30.43,9.14
19,81,29.760000000000005,8.909999999999997
19,81,29.77999999999999,9.289999999999996
19,81,30.239999999999984,8.919999999999996
19,81,29.609999999999992,9.319999999999999
19,81,29.63999999999999,9.170000000000002
19,81,30.039999999999996,9.209999999999999
19,81,29.79,9.139999999999999
19,81,30.210000000000008,9.1
19,81,29.529999999999998,8.879999999999995
19,81,29.719999999999985,8.980000000000002
19,81,30.31999999999999,8.999999999999998
19,81,30.069999999999997,8.759999999999998
19,81,29.720000000000002,9.099999999999998
19,81,29.86,8.760000000000002
19,81,29.909999999999997,8.809999999999999
19,81,29.75,8.739999999999998
19,81,29.739999999999984,9.089999999999996
19,81,29.98,9.349999999999996
19,81,29.88,8.969999999999999
19,81,29.91,9.12
19,81,30.599999999999994,8.819999999999997
19,81,29.879999999999978,9.330000000000004
19,81,30.27999999999998,9.059999999999999
19,81,30.089999999999993,8.849999999999996
19,81,29.88999999999999,8.489999999999995
19,81,29.459999999999983,9.080000000000002
19,81,29.799999999999997,9.250000000000004
19,81,29.869999999999997,8.74
19,81,29.829999999999988,8.709999999999996
19,81,29.829999999999977,9.289999999999996
19,81,30.16999999999999,9.109999999999998
19,81,29.729999999999993,9.320000000000002
19,81,29.99999999999999,9.12
19,81,29.790000000000003,9.469999999999994
19,81,30.13999999999998,9.049999999999999
19,81,29.85999999999999,8.729999999999995
19,81,30.14999999999999,8.759999999999996
19,81,29.97999999999998,8.35
19,81,30.369999999999987,9.049999999999997
19,81,29.919999999999998,9.159999999999998
19,81,29.729999999999986,8.849999999999996
19,81,29.839999999999986,9.039999999999996
19,81,29.779999999999994,9.329999999999995
19,81,29.73999999999999,9.019999999999994
19,81,29.899999999999995,9.200000000000001
19,81,30.27999999999998,8.969999999999995
19,81,29.959999999999987,9.379999999999997
19,81,29.599999999999994,9.320000000000002
19,81,30.12999999999999,9.129999999999997
19,81,29.63000000000001,9.099999999999998
19,81,30.18,8.99
19,81,30.22999999999999,9.239999999999998
19,81,29.89999999999999,8.839999999999996
19,81,29.949999999999996,8.919999999999996
19,81,30.139999999999997,8.799999999999997
19,81,29.679999999999986,8.799999999999997
19,81,29.919999999999998,8.799999999999995
19,81,30.029999999999994,8.920000000000002
19,81,29.39,9.299999999999999
19,81,29.869999999999994,8.809999999999993
19,81,30.199999999999985,9.08
19,81,29.75999999999998,9.250000000000002
19,81,29.829999999999988,9.32
19,81,30.18999999999999,8.689999999999998
19,81,29.68,8.94
19,81,30.079999999999995,8.96
19,81,30.199999999999996,9.330000000000002
19,81,29.81999999999999,8.409999999999997
19,81,29.81999999999999,9.169999999999996
19,81,30.139999999999976,8.969999999999997
19,81,30.099999999999984,9.429999999999993
19,81,30.019999999999985,9.189999999999994
19,81,30.049999999999986,9.049999999999999
19,81,30.389999999999997,9.139999999999999
19,81,29.880000000000006,8.94
19,81,29.950000000000003,9.219999999999999
19,81,29.909999999999993,8.919999999999998
19,81,30.099999999999987,8.569999999999999
19,81,29.88000000000001,9.229999999999995
19,81,29.809999999999985,9.19
19,81,29.919999999999998,9.049999999999997
19,81,30.149999999999988,9.079999999999998
19,81,29.83,8.819999999999997
19,81,29.369999999999994,9.559999999999997
19,81,30.319999999999997,8.949999999999996
19,81,29.660000000000004,8.630000000000003
19,81,29.91999999999999,9.099999999999998
19,81,29.900000000000002,9.209999999999996
19,81,29.919999999999984,9.059999999999995
19,81,30.339999999999993,8.829999999999993
